Job ID,Material Type,Area (sq/m),Thickness (mm),Material Cost (AED),Waste Percentage,Waste Cost (AED)
JOB_1,PI,68.64,20.0,2186.09,0.175,382.57
JOB_2,GI,58.88,0.7,1017.49,0.0244,24.83
JOB_3,GI,35.81,0.7,630.32,0.0725,45.7
JOB_4,GI,14.0,1.1,380.97,0.1782,67.89
JOB_5,PI,15.8,25.0,634.38,0.1898,120.41
JOB_6,PI,40.77,20.0,1112.2,0.114,126.79
JOB_7,PI,26.44,25.0,972.65,0.1422,138.31
JOB_8,PI,19.94,25.0,730.85,0.1574,115.04
JOB_9,PI,26.68,30.0,1192.36,0.1537,183.27
JOB_10,PI,39.05,20.0,1060.5,0.1071,113.58
JOB_11,PI,19.7,25.0,710.45,0.2194,155.87
JOB_12,GI,15.61,0.9,340.77,0.0523,17.82
JOB_13,PI,31.64,30.0,1628.01,0.1411,229.71
JOB_14,GI,17.01,1.0,514.19,0.1763,90.65
JOB_15,PI,10.81,25.0,404.17,0.1074,43.41
JOB_16,GI,39.34,0.6,601.0,0.0288,17.31
JOB_17,PI,49.41,20.0,1521.76,0.1455,221.42
JOB_18,PI,62.02,20.0,1675.02,0.1526,255.61
JOB_19,GI,19.56,1.0,590.06,0.0666,39.3
JOB_20,GI,10.53,1.2,304.09,0.1273,38.71
JOB_21,GI,19.01,0.9,424.62,0.132,56.05
JOB_22,GI,16.83,0.7,356.07,0.1501,53.45
JOB_23,PI,36.65,20.0,1086.82,0.1148,124.77
JOB_24,PI,46.05,25.0,1918.47,0.1854,355.68
JOB_25,PI,64.83,20.0,1800.95,0.0841,151.46
JOB_26,GI,44.96,0.56,634.92,0.0733,46.54
JOB_27,PI,61.23,20.0,1958.91,0.0985,192.95
JOB_28,PI,52.49,25.0,1804.07,0.1117,201.51
JOB_29,PI,51.28,25.0,2026.2,0.1498,303.52
JOB_30,PI,50.97,30.0,2656.35,0.2121,563.41
JOB_31,PI,12.71,30.0,619.14,0.2123,131.44
JOB_32,GI,51.69,0.9,1129.29,0.0461,52.06
JOB_33,GI,58.68,0.8,1159.53,0.0312,36.18
JOB_34,PI,48.57,30.0,2256.62,0.1154,260.41
JOB_35,PI,32.38,25.0,1291.95,0.2128,274.93
JOB_36,GI,33.05,0.9,714.12,0.0712,50.85
JOB_37,GI,45.69,0.7,784.05,0.0337,26.42
JOB_38,PI,35.25,25.0,1362.51,0.137,186.66
JOB_39,PI,21.84,25.0,818.76,0.149,122.0
JOB_40,GI,31.15,0.7,659.77,0.1152,76.01
JOB_41,PI,23.5,25.0,963.01,0.1601,154.18
JOB_42,GI,33.47,0.8,656.46,0.0232,15.23
JOB_43,PI,48.61,20.0,1436.98,0.202,290.27
JOB_44,GI,29.94,0.6,545.26,0.0696,37.95
JOB_45,GI,27.86,0.8,535.08,0.0659,35.26
JOB_46,PI,25.64,25.0,910.12,0.1369,124.6
JOB_47,GI,58.55,0.6,1042.83,0.0701,73.1
JOB_48,PI,44.0,30.0,2156.83,0.176,379.6
JOB_49,GI,48.49,0.7,1033.55,0.0388,40.1
JOB_50,PI,69.01,20.0,2051.19,0.1433,293.94
JOB_51,PI,52.77,30.0,2331.13,0.2199,512.62
JOB_52,GI,45.35,0.9,1005.04,0.1379,138.6
JOB_53,PI,58.87,20.0,1723.39,0.179,308.49
JOB_54,GI,6.02,0.55,82.81,0.0485,4.02
JOB_55,GI,38.69,1.0,955.37,0.0576,55.03
JOB_56,GI,13.73,0.8,272.29,0.0771,20.99
JOB_57,GI,36.99,0.7,647.03,0.0277,17.92
JOB_58,PI,14.87,25.0,526.73,0.1365,71.9
JOB_59,GI,48.68,1.2,1420.94,0.1446,205.47
JOB_60,GI,22.3,1.1,742.11,0.0432,32.06
JOB_61,GI,61.49,1.1,2058.58,0.1178,242.5
JOB_62,GI,60.37,0.56,869.83,0.0707,61.5
JOB_63,GI,23.17,0.8,457.96,0.0617,28.26
JOB_64,PI,63.3,20.0,2094.81,0.0855,179.11
JOB_65,GI,59.16,1.1,1582.33,0.1029,162.82
JOB_66,PI,33.76,20.0,1076.53,0.1196,128.75
JOB_67,GI,59.45,0.6,896.66,0.0294,26.36
JOB_68,PI,46.7,30.0,2193.2,0.1853,406.4
JOB_69,GI,36.51,0.6,540.02,0.1193,64.42
JOB_70,GI,26.54,1.0,645.54,0.1491,96.25
JOB_71,PI,28.34,25.0,1126.29,0.198,223.01
JOB_72,PI,47.12,25.0,1884.51,0.2169,408.75
JOB_73,GI,54.96,1.1,1446.24,0.0738,106.73
JOB_74,PI,27.19,25.0,986.06,0.1343,132.43
JOB_75,GI,37.7,1.0,923.82,0.0725,66.98
JOB_76,GI,47.38,1.1,1261.16,0.1463,184.51
JOB_77,PI,61.73,20.0,2002.22,0.1091,218.44
JOB_78,PI,57.28,25.0,2328.6,0.1151,268.02
JOB_79,PI,25.21,20.0,795.87,0.1105,87.94
JOB_80,GI,58.82,0.7,1237.66,0.062,76.73
JOB_81,PI,56.53,20.0,1535.03,0.1292,198.33
JOB_82,GI,60.48,1.1,1645.28,0.0261,42.94
JOB_83,PI,31.94,30.0,1432.98,0.1893,271.26
JOB_84,PI,41.63,20.0,1274.4,0.1209,154.07
JOB_85,GI,44.07,0.55,621.42,0.0746,46.36
JOB_86,PI,15.2,20.0,478.06,0.1409,67.36
JOB_87,PI,13.89,20.0,448.3,0.1582,70.92
JOB_88,PI,65.61,30.0,3125.92,0.1057,330.41
JOB_89,GI,37.54,0.6,560.13,0.0803,44.98
JOB_90,PI,23.82,20.0,775.55,0.1603,124.32
JOB_91,PI,15.81,20.0,423.61,0.1099,46.55
JOB_92,PI,29.41,25.0,1182.39,0.1333,157.61
JOB_93,GI,22.89,1.2,665.79,0.1208,80.43
JOB_94,PI,38.05,25.0,1492.58,0.2134,318.52
JOB_95,PI,32.23,20.0,955.82,0.1353,129.32
JOB_96,PI,46.0,20.0,1354.48,0.1073,145.34
JOB_97,GI,61.2,0.8,1188.39,0.0322,38.27
JOB_98,PI,29.35,30.0,1297.75,0.1578,204.78
JOB_99,PI,42.91,25.0,1576.43,0.1026,161.74
JOB_100,PI,40.05,30.0,1780.15,0.1464,260.61
JOB_101,GI,49.56,1.0,1202.94,0.0669,80.48
JOB_102,GI,26.76,0.8,528.54,0.0755,39.9
JOB_103,PI,54.21,30.0,2546.73,0.1018,259.26
JOB_104,PI,42.35,25.0,1564.62,0.1336,209.03
JOB_105,GI,59.48,0.8,1419.67,0.0286,40.6
JOB_106,PI,57.76,30.0,2655.84,0.2096,556.66
JOB_107,GI,57.04,0.7,1225.14,0.0365,44.72
JOB_108,PI,57.34,20.0,1554.82,0.1867,290.28
JOB_109,GI,38.17,0.6,567.49,0.0424,24.06
JOB_110,PI,55.51,25.0,2229.82,0.1328,296.12
JOB_111,PI,51.62,30.0,2306.15,0.2011,463.77
JOB_112,GI,34.13,0.9,750.99,0.0277,20.8
JOB_113,PI,50.3,20.0,1580.55,0.1119,176.86
JOB_114,GI,34.41,0.6,617.65,0.0645,39.84
JOB_115,PI,27.75,20.0,761.77,0.1412,107.56
JOB_116,PI,18.87,30.0,852.19,0.1309,111.55
JOB_117,PI,33.76,20.0,978.15,0.1082,105.84
JOB_118,GI,21.04,0.8,406.4,0.1674,68.03
JOB_119,PI,27.11,25.0,947.86,0.0991,93.93
JOB_120,GI,42.08,0.8,832.32,0.0794,66.09
JOB_121,GI,41.48,1.0,1014.84,0.0583,59.17
JOB_122,GI,47.16,0.6,723.67,0.0404,29.24
JOB_123,PI,34.46,30.0,1579.49,0.199,314.32
JOB_124,PI,12.64,25.0,500.14,0.1105,55.27
JOB_125,GI,47.71,0.6,722.94,0.0551,39.83
JOB_126,GI,42.38,0.7,749.47,0.1328,99.53
JOB_127,PI,59.69,20.0,1827.29,0.1005,183.64
JOB_128,GI,26.13,1.1,711.12,0.0521,37.05
JOB_129,GI,22.82,1.2,662.96,0.0405,26.85
JOB_130,GI,46.02,1.0,1366.47,0.0999,136.51
JOB_131,PI,29.74,20.0,826.44,0.1087,89.83
JOB_132,PI,45.21,25.0,1839.22,0.1242,228.43
JOB_133,PI,12.98,20.0,365.79,0.1463,53.52
JOB_134,PI,56.46,20.0,1653.36,0.1539,254.45
JOB_135,GI,64.36,0.56,927.62,0.0433,40.17
JOB_136,GI,50.66,1.2,1867.51,0.0396,73.95
JOB_137,PI,18.1,30.0,836.65,0.1488,124.49
JOB_138,PI,28.42,20.0,914.7,0.1328,121.47
JOB_139,PI,63.52,20.0,1980.1,0.1232,243.95
JOB_140,GI,31.97,0.55,541.78,0.0522,28.28
JOB_141,PI,52.84,20.0,1521.24,0.1083,164.75
JOB_142,PI,46.14,25.0,1915.61,0.1979,379.1
JOB_143,PI,33.39,25.0,1330.51,0.1425,189.6
JOB_144,GI,63.29,0.7,1121.57,0.1606,180.12
JOB_145,GI,54.13,0.9,1207.2,0.0454,54.81
JOB_146,PI,31.82,25.0,1257.71,0.1226,154.2
JOB_147,GI,38.42,0.6,710.06,0.0299,21.23
JOB_148,PI,69.55,20.0,2107.8,0.1172,247.03
JOB_149,GI,56.91,0.7,998.92,0.0548,54.74
JOB_150,PI,55.08,25.0,2234.72,0.1431,319.79
JOB_151,GI,12.96,0.8,312.28,0.0685,21.39
JOB_152,GI,56.83,0.7,1217.3,0.1436,174.8
JOB_153,GI,54.6,1.1,1444.93,0.1638,236.68
JOB_154,PI,30.01,30.0,1462.36,0.1968,287.79
JOB_155,GI,57.34,0.7,1191.59,0.029,34.56
JOB_156,PI,67.75,25.0,2576.67,0.1539,396.55
JOB_157,PI,28.51,30.0,1275.15,0.1835,233.99
JOB_158,GI,33.77,1.1,1134.41,0.0302,34.26
JOB_159,PI,33.18,20.0,946.07,0.1046,98.96
JOB_160,GI,39.24,1.0,971.07,0.0545,52.92
JOB_161,GI,43.35,0.8,830.55,0.0687,57.06
JOB_162,GI,14.35,1.1,388.43,0.0391,15.19
JOB_163,GI,56.12,1.0,1359.19,0.0298,40.5
JOB_164,PI,34.0,20.0,944.33,0.1172,110.68
JOB_165,PI,18.9,30.0,826.87,0.156,128.99
JOB_166,GI,25.79,0.56,364.72,0.0283,10.32
JOB_167,GI,51.91,0.55,717.02,0.0717,51.41
JOB_168,PI,20.42,25.0,738.93,0.0839,62.0
JOB_169,PI,20.78,25.0,777.07,0.1507,117.1
JOB_170,PI,38.17,20.0,1150.14,0.1879,216.11
JOB_171,GI,38.0,0.9,830.22,0.1681,139.56
JOB_172,PI,21.84,20.0,647.69,0.0917,59.39
JOB_173,GI,55.53,0.7,977.81,0.0782,76.46
JOB_174,GI,8.22,0.8,158.77,0.071,11.27
JOB_175,PI,26.81,30.0,1307.11,0.1345,175.81
JOB_176,PI,61.74,20.0,1842.98,0.1879,346.3
JOB_177,PI,37.24,25.0,1529.8,0.1034,158.18
JOB_178,PI,36.84,30.0,1743.1,0.1803,314.28
JOB_179,PI,23.57,20.0,740.86,0.1013,75.05
JOB_180,PI,39.03,30.0,2007.98,0.1128,226.5
JOB_181,PI,56.25,25.0,2270.55,0.1014,230.23
JOB_182,GI,29.66,0.8,574.8,0.0356,20.46
JOB_183,GI,50.79,0.9,1115.68,0.0416,46.41
JOB_184,PI,23.28,25.0,799.57,0.1347,107.7
JOB_185,PI,27.23,25.0,1133.5,0.1722,195.19
JOB_186,GI,50.6,0.6,753.75,0.0805,60.68
JOB_187,GI,53.35,0.7,1130.73,0.0497,56.2
JOB_188,PI,18.03,30.0,912.72,0.1126,102.77
JOB_189,PI,15.71,20.0,470.76,0.1286,60.54
JOB_190,PI,61.37,30.0,2733.63,0.1439,393.37
JOB_191,GI,20.11,0.9,444.04,0.0544,24.16
JOB_192,PI,49.39,25.0,1800.04,0.2175,391.51
JOB_193,PI,47.75,20.0,1327.0,0.1975,262.08
JOB_194,GI,20.15,0.9,539.77,0.0323,17.43
JOB_195,PI,63.11,25.0,2534.44,0.171,433.39
JOB_196,PI,47.09,30.0,2108.72,0.1428,301.13
JOB_197,GI,21.55,0.56,311.56,0.0584,18.2
JOB_198,PI,58.01,25.0,2206.39,0.1892,417.45
JOB_199,PI,31.43,30.0,1507.82,0.1187,178.98
JOB_200,PI,41.15,30.0,1870.53,0.1104,206.51
JOB_201,GI,36.14,0.8,712.21,0.0529,37.68
JOB_202,GI,10.89,1.1,359.63,0.1282,46.1
JOB_203,PI,20.49,20.0,616.27,0.1599,98.54
JOB_204,GI,18.71,0.8,368.76,0.0802,29.57
JOB_205,PI,49.46,25.0,1897.69,0.1725,327.35
JOB_206,PI,35.02,30.0,1797.12,0.1517,272.62
JOB_207,PI,24.6,30.0,1140.11,0.1356,154.6
JOB_208,GI,11.21,0.7,234.83,0.0487,11.44
JOB_209,GI,38.58,0.8,750.04,0.0215,16.13
JOB_210,PI,68.19,20.0,2023.47,0.1326,268.31
JOB_211,GI,34.92,1.1,925.31,0.0567,52.47
JOB_212,GI,13.92,0.7,243.26,0.0665,16.18
JOB_213,GI,38.77,1.2,1123.53,0.0738,82.92
JOB_214,PI,47.69,25.0,1761.09,0.1513,266.45
JOB_215,GI,40.03,1.1,1346.61,0.0472,63.56
JOB_216,GI,32.49,0.55,452.55,0.082,37.11
JOB_217,PI,14.94,20.0,445.56,0.1444,64.34
JOB_218,GI,12.04,0.7,213.62,0.0434,9.27
JOB_219,PI,40.29,20.0,1288.93,0.1842,237.42
JOB_220,PI,40.75,25.0,1580.4,0.1128,178.27
JOB_221,PI,15.3,20.0,418.47,0.1199,50.17
JOB_222,GI,47.62,0.55,659.06,0.0721,47.52
JOB_223,GI,12.83,0.7,225.07,0.062,13.95
JOB_224,GI,55.12,0.7,973.84,0.0764,74.4
JOB_225,PI,68.47,30.0,3056.94,0.1112,339.93
JOB_226,PI,18.97,30.0,952.14,0.1522,144.92
JOB_227,GI,53.0,0.8,1026.22,0.0993,101.9
JOB_228,GI,56.9,0.9,1248.69,0.0656,81.91
JOB_229,PI,36.63,30.0,1943.14,0.1339,260.19
JOB_230,GI,59.37,1.2,2111.13,0.0485,102.39
JOB_231,PI,34.09,20.0,986.54,0.0904,89.18
JOB_232,GI,8.93,1.0,215.55,0.0774,16.68
JOB_233,PI,19.31,20.0,554.52,0.123,68.21
JOB_234,PI,59.03,30.0,2883.59,0.1506,434.27
JOB_235,GI,60.54,1.2,1722.68,0.0915,157.63
JOB_236,PI,36.74,25.0,1301.97,0.1434,186.7
JOB_237,GI,64.97,0.6,1173.0,0.0721,84.57
JOB_238,PI,21.95,20.0,730.3,0.1299,94.87
JOB_239,GI,51.5,1.0,1264.94,0.0723,91.46
JOB_240,PI,36.86,30.0,1690.76,0.1954,330.37
JOB_241,GI,20.87,0.7,433.09,0.0279,12.08
JOB_242,PI,17.5,25.0,692.34,0.1562,108.14
JOB_243,PI,34.58,25.0,1432.64,0.1148,164.47
JOB_244,GI,7.85,0.9,213.44,0.0779,16.63
JOB_245,PI,11.77,30.0,592.85,0.1508,89.4
JOB_246,PI,16.25,20.0,488.87,0.1521,74.36
JOB_247,PI,50.39,20.0,1424.82,0.2011,286.53
JOB_248,PI,69.2,20.0,2171.76,0.1474,320.12
JOB_249,GI,50.18,1.0,1491.76,0.0756,112.78
JOB_250,PI,54.27,30.0,2810.85,0.1129,317.34
JOB_251,GI,31.6,1.2,924.76,0.1542,142.6
JOB_252,GI,13.65,0.7,236.77,0.0318,7.53
JOB_253,PI,62.28,20.0,1735.33,0.1158,200.95
JOB_254,PI,49.24,25.0,1854.11,0.1575,292.02
JOB_255,GI,47.5,0.7,837.73,0.0425,35.6
JOB_256,GI,31.23,0.6,564.05,0.024,13.54
JOB_257,PI,23.42,25.0,841.66,0.0913,76.84
JOB_258,GI,8.97,0.7,154.4,0.1237,19.1
JOB_259,PI,62.61,30.0,2924.42,0.1461,427.26
JOB_260,PI,64.33,25.0,2517.73,0.1329,334.61
JOB_261,PI,31.06,25.0,1134.16,0.1142,129.52
JOB_262,GI,55.6,0.6,850.24,0.0832,70.74
JOB_263,PI,17.94,30.0,877.75,0.1219,107.0
JOB_264,GI,51.76,0.7,1101.23,0.0802,88.32
JOB_265,GI,37.7,0.6,579.56,0.0354,20.52
JOB_266,GI,49.68,1.1,1341.18,0.0566,75.91
JOB_267,PI,63.09,25.0,2444.31,0.1288,314.83
JOB_268,GI,27.94,0.6,426.46,0.0238,10.15
JOB_269,GI,16.02,0.7,277.61,0.0709,19.68
JOB_270,GI,30.3,1.0,909.76,0.1762,160.3
JOB_271,PI,49.5,20.0,1517.94,0.1497,227.24
JOB_272,PI,13.1,25.0,469.0,0.0919,43.1
JOB_273,GI,25.36,0.7,443.0,0.0662,29.33
JOB_274,PI,21.64,20.0,672.31,0.1344,90.36
JOB_275,PI,31.13,20.0,903.43,0.123,111.12
JOB_276,PI,11.18,25.0,452.27,0.1997,90.32
JOB_277,PI,53.56,25.0,2039.2,0.2028,413.55
JOB_278,GI,44.69,0.7,777.35,0.0312,24.25
JOB_279,PI,23.76,20.0,723.25,0.1052,76.09
JOB_280,PI,18.69,20.0,522.44,0.143,74.71
JOB_281,PI,21.68,20.0,605.26,0.1644,99.5
JOB_282,PI,44.39,30.0,2092.05,0.1352,282.85
JOB_283,PI,34.05,20.0,1047.49,0.1,104.75
JOB_284,GI,30.99,0.7,537.23,0.0598,32.13
JOB_285,PI,53.76,20.0,1517.25,0.0942,142.92
JOB_286,PI,56.89,20.0,1789.16,0.1808,323.48
JOB_287,GI,53.11,1.2,1497.57,0.058,86.86
JOB_288,PI,42.45,20.0,1150.49,0.0857,98.6
JOB_289,PI,59.78,25.0,2425.42,0.1246,302.21
JOB_290,GI,15.23,0.6,274.01,0.1185,32.47
JOB_291,GI,40.39,0.9,873.61,0.093,81.25
JOB_292,GI,43.64,0.7,769.37,0.0615,47.32
JOB_293,GI,53.4,0.6,810.11,0.0537,43.5
JOB_294,GI,53.72,0.7,1137.71,0.0636,72.36
JOB_295,GI,13.24,0.8,322.89,0.0683,22.05
JOB_296,PI,16.52,25.0,642.26,0.2104,135.13
JOB_297,GI,8.95,1.0,271.84,0.0406,11.04
JOB_298,PI,11.34,20.0,361.41,0.1277,46.15
JOB_299,PI,41.37,30.0,1797.22,0.1928,346.5
JOB_300,PI,50.21,25.0,1995.85,0.1503,299.98
JOB_301,PI,58.8,30.0,3025.75,0.0888,268.69
JOB_302,PI,44.76,30.0,2235.06,0.1104,246.75
JOB_303,GI,13.49,1.0,332.22,0.1549,51.46
JOB_304,PI,36.61,30.0,1629.03,0.2163,352.36
JOB_305,PI,25.09,20.0,778.39,0.1465,114.03
JOB_306,PI,66.21,25.0,2566.39,0.0803,206.08
JOB_307,PI,55.85,20.0,1701.03,0.1927,327.79
JOB_308,PI,55.63,25.0,1951.25,0.1074,209.56
JOB_309,PI,22.11,25.0,831.11,0.0985,81.86
JOB_310,GI,57.48,0.55,802.4,0.0259,20.78
JOB_311,GI,48.51,1.2,1766.18,0.043,75.95
JOB_312,GI,7.74,0.7,135.14,0.0424,5.73
JOB_313,PI,43.08,25.0,1565.03,0.1487,232.72
JOB_314,GI,43.68,1.0,1319.99,0.1131,149.29
JOB_315,PI,50.93,25.0,1783.58,0.2179,388.64
JOB_316,GI,14.27,0.55,200.65,0.0223,4.47
JOB_317,PI,14.57,25.0,542.28,0.0894,48.48
JOB_318,GI,33.03,0.6,597.6,0.0638,38.13
JOB_319,GI,14.01,0.8,333.85,0.0849,28.34
JOB_320,PI,26.05,20.0,784.33,0.0944,74.04
JOB_321,PI,44.3,20.0,1255.07,0.0913,114.59
JOB_322,GI,17.22,1.0,515.51,0.0237,12.22
JOB_323,PI,38.29,30.0,1873.26,0.1684,315.46
JOB_324,GI,35.79,1.0,1079.14,0.0583,62.91
JOB_325,PI,30.27,20.0,904.37,0.1476,133.49
JOB_326,GI,44.93,0.7,797.54,0.0388,30.94
JOB_327,GI,52.77,1.2,1522.91,0.0595,90.61
JOB_328,PI,56.49,20.0,1659.32,0.2026,336.18
JOB_329,GI,11.01,1.1,294.18,0.0837,24.62
JOB_330,GI,46.12,0.9,1247.6,0.0815,101.68
JOB_331,PI,26.78,20.0,740.73,0.1085,80.37
JOB_332,GI,58.9,0.8,1163.87,0.0669,77.86
JOB_333,PI,12.05,20.0,349.23,0.1565,54.65
JOB_334,GI,8.97,0.6,135.26,0.0765,10.35
JOB_335,GI,53.35,0.8,1019.09,0.0706,71.95
JOB_336,PI,14.85,25.0,546.47,0.1386,75.74
JOB_337,PI,29.12,30.0,1386.67,0.1551,215.07
JOB_338,PI,48.49,25.0,1738.77,0.1281,222.74
JOB_339,GI,32.71,0.8,782.49,0.0662,51.8
JOB_340,PI,31.34,25.0,1162.67,0.1456,169.28
JOB_341,GI,8.49,0.55,117.48,0.0753,8.85
JOB_342,PI,60.53,30.0,2926.52,0.1443,422.3
JOB_343,PI,15.09,30.0,742.36,0.1194,88.64
JOB_344,PI,59.73,25.0,2248.42,0.2035,457.55
JOB_345,PI,47.41,25.0,1916.7,0.2098,402.12
JOB_346,GI,12.37,0.8,294.77,0.0372,10.97
JOB_347,GI,61.87,0.55,878.15,0.0333,29.24
JOB_348,PI,59.11,25.0,2211.37,0.1999,442.05
JOB_349,GI,15.46,0.8,295.47,0.0435,12.85
JOB_350,PI,41.58,20.0,1165.11,0.1889,220.09
JOB_351,PI,57.73,25.0,2021.6,0.1062,214.69
JOB_352,GI,48.54,0.7,846.56,0.0803,67.98
JOB_353,PI,42.22,20.0,1160.52,0.1723,199.96
JOB_354,PI,40.25,30.0,2037.53,0.1984,404.25
JOB_355,GI,39.11,0.8,959.31,0.0782,75.02
JOB_356,GI,37.11,1.0,914.58,0.1416,129.5
JOB_357,PI,60.83,20.0,1659.4,0.1398,231.98
JOB_358,PI,64.1,30.0,3212.96,0.1327,426.36
JOB_359,GI,14.58,0.6,222.68,0.0681,15.16
JOB_360,GI,52.15,0.56,742.01,0.0845,62.7
JOB_361,PI,10.9,20.0,339.28,0.1782,60.46
JOB_362,PI,35.16,20.0,992.47,0.1547,153.54
JOB_363,GI,61.19,0.7,1085.06,0.0388,42.1
JOB_364,GI,27.94,0.8,534.61,0.0286,15.29
JOB_365,GI,57.77,0.8,1408.55,0.0578,81.41
JOB_366,GI,13.91,0.7,292.03,0.0351,10.25
JOB_367,PI,60.44,25.0,2461.45,0.1309,322.2
JOB_368,GI,33.47,0.55,464.19,0.0806,37.41
JOB_369,PI,48.51,20.0,1404.43,0.1089,152.94
JOB_370,GI,54.8,1.0,1345.08,0.1502,202.03
JOB_371,GI,13.22,0.9,365.92,0.1353,49.51
JOB_372,GI,34.09,0.55,566.79,0.0288,16.32
JOB_373,GI,17.39,1.0,522.54,0.0342,17.87
JOB_374,PI,21.28,25.0,794.83,0.1682,133.69
JOB_375,PI,58.14,25.0,2375.27,0.1156,274.58
JOB_376,PI,18.73,25.0,750.2,0.0949,71.19
JOB_377,GI,48.19,1.0,1172.2,0.0264,30.95
JOB_378,GI,56.76,1.0,1375.76,0.0823,113.23
JOB_379,PI,24.71,30.0,1164.33,0.1115,129.82
JOB_380,GI,38.53,1.2,1423.42,0.0782,111.31
JOB_381,GI,53.99,0.9,1494.74,0.0256,38.27
JOB_382,GI,37.39,1.0,894.53,0.0258,23.08
JOB_383,PI,19.23,25.0,753.5,0.086,64.8
JOB_384,GI,39.11,0.9,1076.47,0.0413,44.46
JOB_385,PI,41.31,20.0,1306.7,0.1598,208.81
JOB_386,PI,59.01,20.0,1610.96,0.0831,133.87
JOB_387,GI,53.24,0.9,1438.96,0.0277,39.86
JOB_388,GI,15.27,0.7,265.5,0.0813,21.59
JOB_389,PI,64.97,20.0,1821.36,0.1402,255.35
JOB_390,PI,69.86,30.0,3142.02,0.0957,300.69
JOB_391,PI,44.68,25.0,1629.12,0.1491,242.9
JOB_392,PI,40.11,20.0,1165.07,0.1342,156.35
JOB_393,PI,40.17,30.0,2009.43,0.0982,197.33
JOB_394,PI,24.34,25.0,959.7,0.1123,107.77
JOB_395,PI,31.87,30.0,1465.59,0.1506,220.72
JOB_396,GI,34.94,1.1,921.93,0.0578,53.29
JOB_397,PI,21.75,20.0,653.98,0.1361,89.01
JOB_398,GI,11.26,0.9,303.27,0.0793,24.05
JOB_399,GI,59.74,0.9,1285.19,0.0723,92.92
JOB_400,GI,20.69,1.0,513.28,0.0814,41.78
JOB_401,GI,55.37,0.56,776.21,0.0441,34.23
JOB_402,PI,45.93,25.0,1940.38,0.1764,342.28
JOB_403,GI,50.95,0.56,728.89,0.022,16.04
JOB_404,GI,61.79,0.55,850.67,0.0526,44.75
JOB_405,GI,7.12,0.7,125.16,0.0748,9.36
JOB_406,PI,18.7,20.0,526.74,0.1412,74.38
JOB_407,GI,46.26,0.8,1100.16,0.047,51.71
JOB_408,PI,48.2,25.0,1789.47,0.1205,215.63
JOB_409,GI,32.59,1.1,1071.07,0.0316,33.85
JOB_410,PI,44.65,25.0,1800.29,0.2153,387.6
JOB_411,PI,24.75,30.0,1215.13,0.1658,201.47
JOB_412,PI,63.07,25.0,2283.6,0.1358,310.11
JOB_413,PI,63.69,20.0,1739.96,0.1979,344.34
JOB_414,PI,49.5,20.0,1523.59,0.0849,129.35
JOB_415,PI,31.89,20.0,917.63,0.1312,120.39
JOB_416,PI,29.93,30.0,1467.11,0.2141,314.11
JOB_417,PI,18.44,20.0,570.63,0.2104,120.06
JOB_418,PI,68.11,30.0,3384.41,0.1359,459.94
JOB_419,PI,63.25,25.0,2186.53,0.1471,321.64
JOB_420,GI,48.54,0.8,947.2,0.0559,52.95
JOB_421,PI,41.8,25.0,1662.83,0.1821,302.8
JOB_422,GI,26.93,1.0,646.56,0.024,15.52
JOB_423,PI,50.2,30.0,2602.38,0.1378,358.61
JOB_424,GI,47.18,0.55,661.52,0.0829,54.84
JOB_425,PI,56.8,20.0,1669.26,0.0992,165.59
JOB_426,PI,29.92,20.0,906.39,0.1324,120.01
JOB_427,PI,33.51,30.0,1510.35,0.1062,160.4
JOB_428,PI,67.02,30.0,3600.33,0.2126,765.43
JOB_429,GI,18.48,0.9,401.17,0.0248,9.95
JOB_430,PI,65.25,20.0,2062.82,0.0918,189.37
JOB_431,GI,13.31,0.7,227.86,0.0792,18.05
JOB_432,PI,65.79,30.0,3043.93,0.1544,469.98
JOB_433,PI,46.69,25.0,1873.41,0.1971,369.25
JOB_434,PI,25.46,20.0,834.18,0.1244,103.77
JOB_435,PI,45.79,25.0,1896.4,0.1302,246.91
JOB_436,PI,69.35,30.0,3390.74,0.1547,524.55
JOB_437,GI,48.33,0.6,723.69,0.1425,103.13
JOB_438,GI,19.01,1.1,620.53,0.0388,24.08
JOB_439,GI,36.28,1.0,1103.2,0.0739,81.53
JOB_440,PI,60.2,20.0,1935.01,0.1384,267.81
JOB_441,PI,35.28,25.0,1378.81,0.1056,145.6
JOB_442,GI,22.18,0.8,431.72,0.0337,14.55
JOB_443,PI,45.32,25.0,1638.65,0.1434,234.98
JOB_444,PI,43.49,20.0,1273.56,0.2074,264.14
JOB_445,PI,45.28,25.0,1592.83,0.1372,218.54
JOB_446,PI,15.04,20.0,447.52,0.0809,36.2
JOB_447,GI,27.65,0.7,486.44,0.0413,20.09
JOB_448,GI,10.71,0.7,189.46,0.0591,11.2
JOB_449,GI,21.1,0.55,296.84,0.0395,11.73
JOB_450,GI,10.32,0.7,182.91,0.0319,5.83
JOB_451,PI,42.86,25.0,1611.38,0.0886,142.77
JOB_452,PI,66.34,25.0,2620.29,0.1243,325.7
JOB_453,PI,21.1,25.0,808.87,0.2078,168.08
JOB_454,GI,54.61,1.1,1849.51,0.0201,37.18
JOB_455,PI,40.04,20.0,1274.87,0.1116,142.28
JOB_456,PI,14.18,20.0,438.49,0.1202,52.71
JOB_457,PI,69.39,25.0,2696.22,0.0982,264.77
JOB_458,GI,36.51,0.56,622.19,0.0657,40.88
JOB_459,GI,55.26,0.7,1154.83,0.1509,174.26
JOB_460,PI,58.19,30.0,2702.2,0.1083,292.65
JOB_461,PI,66.66,20.0,1860.85,0.1258,234.09
JOB_462,GI,54.37,0.8,1300.65,0.0541,70.37
JOB_463,GI,12.67,0.9,341.87,0.0828,28.31
JOB_464,PI,51.07,25.0,1920.27,0.1325,254.44
JOB_465,PI,58.46,25.0,2035.23,0.1261,256.64
JOB_466,PI,13.37,30.0,692.24,0.1512,104.67
JOB_467,GI,34.9,1.0,860.88,0.0447,38.48
JOB_468,GI,61.99,0.7,1322.13,0.0226,29.88
JOB_469,PI,27.38,20.0,811.9,0.125,101.49
JOB_470,PI,37.84,30.0,1896.3,0.1743,330.53
JOB_471,GI,49.23,0.9,1087.82,0.0611,66.47
JOB_472,GI,51.25,0.7,904.0,0.0838,75.76
JOB_473,PI,56.61,20.0,1592.61,0.1861,296.38
JOB_474,GI,24.29,1.0,735.3,0.1086,79.85
JOB_475,GI,17.83,0.9,480.15,0.0586,28.14
JOB_476,PI,58.86,25.0,2202.67,0.1132,249.34
JOB_477,PI,55.51,25.0,2154.35,0.1662,358.05
JOB_478,GI,24.11,0.6,356.75,0.0744,26.54
JOB_479,GI,7.73,1.1,252.83,0.0733,18.53
JOB_480,GI,40.33,0.7,842.4,0.0476,40.1
JOB_481,GI,62.01,0.9,1359.86,0.0271,36.85
JOB_482,PI,58.18,25.0,2066.3,0.1018,210.35
JOB_483,PI,67.92,25.0,2544.77,0.1172,298.25
JOB_484,GI,60.91,0.9,1354.49,0.0335,45.38
JOB_485,PI,46.75,25.0,1685.1,0.1455,245.18
JOB_486,PI,62.89,30.0,3362.14,0.0912,306.63
JOB_487,PI,36.99,20.0,1069.2,0.1604,171.5
JOB_488,GI,30.45,1.0,730.07,0.1424,103.96
JOB_489,PI,20.71,20.0,638.44,0.1617,103.24
JOB_490,PI,18.99,20.0,609.84,0.1097,66.9
JOB_491,GI,21.78,0.55,359.6,0.1291,46.42
JOB_492,GI,16.1,0.6,246.63,0.0282,6.95
JOB_493,PI,18.83,30.0,843.36,0.1458,122.96
JOB_494,PI,66.54,20.0,1925.55,0.1688,325.03
JOB_495,PI,67.24,30.0,3414.93,0.2149,733.87
JOB_496,GI,36.92,0.56,533.19,0.0841,44.84
JOB_497,PI,33.34,20.0,936.96,0.0928,86.95
JOB_498,PI,31.5,30.0,1424.4,0.1486,211.67
JOB_499,GI,10.59,1.0,323.37,0.0552,17.85
JOB_500,PI,28.82,30.0,1394.73,0.2136,297.91
JOB_501,GI,58.23,0.9,1284.48,0.0287,36.86
JOB_502,PI,50.49,25.0,1955.74,0.1207,236.06
JOB_503,PI,44.44,25.0,1586.99,0.096,152.35
JOB_504,GI,14.75,0.8,362.01,0.0664,24.04
JOB_505,GI,19.25,0.6,294.45,0.0766,22.55
JOB_506,GI,18.97,1.1,510.16,0.0382,19.49
JOB_507,GI,47.87,0.8,1168.77,0.0606,70.83
JOB_508,PI,47.84,20.0,1359.17,0.1259,171.12
JOB_509,PI,32.82,20.0,990.22,0.1993,197.35
JOB_510,PI,10.81,30.0,560.16,0.1292,72.37
JOB_511,PI,64.62,25.0,2575.36,0.1597,411.28
JOB_512,PI,39.36,20.0,1089.52,0.0837,91.19
JOB_513,PI,15.61,25.0,641.12,0.1099,70.46
JOB_514,PI,57.02,25.0,2166.96,0.1807,391.57
JOB_515,GI,29.67,0.8,575.78,0.0745,42.9
JOB_516,PI,30.45,20.0,842.85,0.1316,110.92
JOB_517,GI,27.85,0.55,390.83,0.0326,12.74
JOB_518,PI,65.82,20.0,2069.8,0.1585,328.06
JOB_519,PI,49.62,25.0,1911.13,0.2148,410.51
JOB_520,GI,14.93,0.7,257.33,0.0763,19.63
JOB_521,GI,26.93,1.1,726.91,0.1307,95.01
JOB_522,PI,12.32,20.0,346.65,0.1457,50.51
JOB_523,GI,60.98,0.6,930.45,0.0621,57.78
JOB_524,GI,26.37,0.7,567.68,0.0426,24.18
JOB_525,GI,10.08,1.2,292.15,0.0713,20.83
JOB_526,PI,48.5,30.0,2330.92,0.2019,470.61
JOB_527,PI,15.46,25.0,581.17,0.1499,87.12
JOB_528,GI,16.15,1.1,430.58,0.0646,27.82
JOB_529,PI,39.43,20.0,1146.13,0.1024,117.36
JOB_530,GI,59.99,0.6,905.56,0.0478,43.29
JOB_531,PI,33.53,25.0,1344.75,0.1339,180.06
JOB_532,PI,40.96,20.0,1114.41,0.1195,133.17
JOB_533,PI,17.89,25.0,652.44,0.1824,119.01
JOB_534,GI,45.18,0.56,643.05,0.1539,98.97
JOB_535,GI,49.82,0.6,914.58,0.168,153.65
JOB_536,GI,23.09,0.8,448.56,0.0568,25.48
JOB_537,GI,10.38,0.7,180.71,0.0846,15.29
JOB_538,PI,39.66,30.0,1791.23,0.2031,363.8
JOB_539,GI,60.27,0.8,1167.07,0.16,186.73
JOB_540,PI,68.76,25.0,2602.89,0.1177,306.36
JOB_541,PI,15.76,25.0,646.17,0.1177,76.05
JOB_542,GI,51.71,0.9,1147.57,0.0639,73.33
JOB_543,PI,35.74,30.0,1662.25,0.1218,202.46
JOB_544,PI,62.16,20.0,1879.85,0.134,251.9
JOB_545,PI,44.82,25.0,1798.72,0.1593,286.54
JOB_546,GI,28.94,1.0,873.56,0.0236,20.62
JOB_547,GI,11.9,0.55,196.98,0.0392,7.72
JOB_548,PI,61.39,20.0,1929.74,0.2017,389.23
JOB_549,PI,51.86,20.0,1540.79,0.0993,153.0
JOB_550,PI,26.07,20.0,808.04,0.0822,66.42
JOB_551,GI,45.2,0.9,1206.91,0.0816,98.48
JOB_552,GI,42.69,0.6,649.75,0.0535,34.76
JOB_553,GI,42.48,1.2,1538.15,0.1536,236.26
JOB_554,GI,59.48,0.7,1022.17,0.0835,85.35
JOB_555,PI,45.78,20.0,1236.94,0.126,155.85
JOB_556,GI,26.14,1.0,631.39,0.0558,35.23
JOB_557,PI,49.43,20.0,1565.22,0.1406,220.07
JOB_558,GI,45.62,1.1,1504.3,0.0338,50.85
JOB_559,PI,63.34,30.0,3174.23,0.1818,577.08
JOB_560,PI,55.76,30.0,2888.68,0.2003,578.6
JOB_561,PI,23.95,25.0,836.63,0.1976,165.32
JOB_562,PI,11.19,20.0,345.13,0.1941,66.99
JOB_563,GI,18.87,0.8,361.2,0.04,14.45
JOB_564,GI,31.02,1.0,923.74,0.0725,66.97
JOB_565,GI,44.14,0.6,801.69,0.0574,46.02
JOB_566,GI,14.94,0.56,209.84,0.074,15.53
JOB_567,PI,68.41,20.0,2013.76,0.1721,346.57
JOB_568,GI,60.1,1.1,1581.05,0.0658,104.03
JOB_569,PI,21.78,20.0,647.46,0.1504,97.38
JOB_570,GI,12.64,1.0,310.4,0.0966,29.98
JOB_571,GI,24.85,0.7,528.09,0.034,17.96
JOB_572,GI,62.36,0.7,1301.05,0.0347,45.15
JOB_573,GI,51.83,0.9,1156.82,0.0813,94.05
JOB_574,GI,59.22,1.0,1810.82,0.1062,192.31
JOB_575,GI,49.57,0.9,1106.02,0.028,30.97
JOB_576,GI,33.15,0.6,504.05,0.0801,40.37
JOB_577,PI,17.79,25.0,722.07,0.1517,109.54
JOB_578,GI,25.66,0.9,556.19,0.176,97.89
JOB_579,GI,10.1,0.8,247.45,0.0781,19.33
JOB_580,PI,41.63,20.0,1340.14,0.173,231.84
JOB_581,PI,16.71,20.0,467.58,0.1383,64.67
JOB_582,PI,11.57,20.0,330.2,0.1555,51.35
JOB_583,GI,36.63,0.7,626.39,0.0516,32.32
JOB_584,PI,13.18,25.0,538.74,0.1759,94.76
JOB_585,PI,20.11,20.0,564.74,0.1416,79.97
JOB_586,PI,26.95,20.0,745.0,0.1046,77.93
JOB_587,PI,66.65,30.0,3430.81,0.0803,275.49
JOB_588,GI,28.72,1.1,965.51,0.0346,33.41
JOB_589,GI,19.13,0.55,262.42,0.079,20.73
JOB_590,GI,64.61,0.9,1430.25,0.0386,55.21
JOB_591,PI,29.77,25.0,1174.69,0.183,214.97
JOB_592,GI,23.4,1.0,564.33,0.0229,12.92
JOB_593,PI,19.76,20.0,550.8,0.0833,45.88
JOB_594,GI,18.21,0.7,312.5,0.0623,19.47
JOB_595,PI,14.98,25.0,520.82,0.1595,83.07
JOB_596,GI,46.11,0.56,647.2,0.0652,42.2
JOB_597,PI,39.36,25.0,1497.52,0.1495,223.88
JOB_598,GI,12.1,1.0,368.38,0.0534,19.67
JOB_599,PI,46.69,20.0,1535.97,0.1939,297.82
JOB_600,GI,9.29,1.2,268.61,0.1061,28.5
JOB_601,GI,39.03,0.6,583.78,0.0249,14.54
JOB_602,PI,62.66,20.0,1732.31,0.1027,177.91
JOB_603,PI,44.96,25.0,1806.2,0.1738,313.92
JOB_604,PI,31.9,30.0,1551.74,0.1865,289.4
JOB_605,PI,68.65,20.0,2192.96,0.1704,373.68
JOB_606,PI,65.84,25.0,2726.03,0.0885,241.25
JOB_607,GI,10.9,0.8,210.82,0.0334,7.04
JOB_608,PI,61.33,25.0,2303.02,0.1252,288.34
JOB_609,GI,61.6,0.6,934.63,0.0477,44.58
JOB_610,GI,47.24,1.0,1159.16,0.1607,186.28
JOB_611,GI,45.16,0.6,667.85,0.117,78.14
JOB_612,GI,58.66,0.7,1029.35,0.0264,27.17
JOB_613,GI,40.85,0.7,699.26,0.0743,51.96
JOB_614,GI,7.57,1.2,215.13,0.025,5.38
JOB_615,PI,18.22,25.0,705.68,0.1373,96.89
JOB_616,GI,41.64,0.8,988.73,0.0532,52.6
JOB_617,PI,65.61,30.0,3187.56,0.1728,550.81
JOB_618,GI,23.9,0.8,466.37,0.0353,16.46
JOB_619,GI,54.89,1.0,1361.26,0.0516,70.24
JOB_620,PI,51.93,25.0,1956.91,0.0851,166.53
JOB_621,PI,19.22,25.0,722.61,0.1481,107.02
JOB_622,GI,40.11,1.0,982.61,0.0548,53.85
JOB_623,GI,41.03,0.6,616.72,0.0544,33.55
JOB_624,PI,10.17,25.0,383.81,0.1109,42.56
JOB_625,PI,62.37,30.0,3294.31,0.1305,429.91
JOB_626,GI,49.7,0.8,1180.68,0.0419,49.47
JOB_627,PI,14.59,20.0,465.8,0.1081,50.35
JOB_628,GI,28.88,0.7,613.11,0.0305,18.7
JOB_629,PI,13.13,30.0,583.57,0.1508,88.0
JOB_630,PI,67.43,25.0,2696.84,0.1382,372.7
JOB_631,GI,54.08,0.7,937.9,0.072,67.53
JOB_632,PI,19.12,25.0,741.58,0.116,86.02
JOB_633,GI,20.73,0.8,402.6,0.0262,10.55
JOB_634,GI,42.97,0.8,832.65,0.0357,29.73
JOB_635,GI,40.84,1.0,1229.43,0.0653,80.28
JOB_636,PI,19.55,25.0,747.31,0.1406,105.07
JOB_637,PI,29.59,30.0,1306.82,0.1388,181.39
JOB_638,GI,34.88,1.1,932.94,0.151,140.87
JOB_639,GI,10.6,0.6,159.69,0.0203,3.24
JOB_640,PI,59.85,25.0,2230.68,0.2175,485.17
JOB_641,GI,31.39,0.55,517.75,0.0801,41.47
JOB_642,GI,9.33,0.8,225.98,0.0595,13.45
JOB_643,PI,58.87,20.0,1943.63,0.1527,296.79
JOB_644,GI,34.73,0.7,739.44,0.0281,20.78
JOB_645,PI,42.48,25.0,1681.94,0.1497,251.79
JOB_646,PI,18.24,20.0,516.84,0.0948,49.0
JOB_647,PI,13.54,25.0,534.4,0.0929,49.65
JOB_648,GI,9.81,0.8,232.46,0.0286,6.65
JOB_649,GI,38.02,1.0,916.36,0.142,130.12
JOB_650,GI,55.26,0.8,1333.14,0.0829,110.52
JOB_651,GI,53.58,0.55,746.38,0.1607,119.94
JOB_652,GI,31.35,0.9,698.91,0.0637,44.52
JOB_653,PI,31.48,20.0,868.85,0.1273,110.6
JOB_654,GI,14.28,0.7,300.72,0.034,10.22
JOB_655,PI,14.0,25.0,552.35,0.2068,114.23
JOB_656,PI,56.59,25.0,2347.18,0.1698,398.55
JOB_657,GI,63.67,0.7,1122.71,0.0577,64.78
JOB_658,GI,30.26,0.9,655.59,0.1421,93.16
JOB_659,GI,28.0,1.1,735.24,0.0428,31.47
JOB_660,GI,45.85,0.7,978.53,0.0828,81.02
JOB_661,PI,58.58,30.0,2735.87,0.1177,322.01
JOB_662,GI,29.37,0.56,412.06,0.0657,27.07
JOB_663,PI,56.53,25.0,2006.47,0.1132,227.13
JOB_664,GI,56.65,0.7,973.08,0.0217,21.12
JOB_665,GI,13.83,0.7,290.4,0.0257,7.46
JOB_666,GI,27.37,0.9,752.98,0.022,16.57
JOB_667,GI,47.64,0.8,942.64,0.0738,69.57
JOB_668,GI,9.93,0.6,183.13,0.0595,10.9
JOB_669,GI,9.49,0.8,184.65,0.1539,28.42
JOB_670,GI,28.81,1.2,841.78,0.1697,142.85
JOB_671,PI,48.97,25.0,1807.71,0.2009,363.17
JOB_672,GI,64.33,0.7,1380.56,0.0211,29.13
JOB_673,PI,24.84,25.0,875.75,0.08,70.06
JOB_674,GI,7.55,0.56,125.26,0.0767,9.61
JOB_675,GI,59.28,0.56,829.41,0.0747,61.96
JOB_676,GI,15.56,0.8,303.87,0.0573,17.41
JOB_677,PI,41.14,25.0,1441.15,0.1236,178.13
JOB_678,GI,39.12,1.0,1164.68,0.0747,87.0
JOB_679,PI,38.69,20.0,1210.03,0.1336,161.66
JOB_680,PI,21.8,30.0,980.67,0.1122,110.03
JOB_681,GI,15.99,0.7,340.81,0.1162,39.6
JOB_682,GI,12.86,0.6,197.21,0.0324,6.39
JOB_683,PI,68.99,25.0,2660.08,0.1544,410.72
JOB_684,GI,43.75,0.7,937.52,0.0835,78.28
JOB_685,GI,29.93,0.7,629.33,0.0787,49.53
JOB_686,GI,45.54,1.1,1228.14,0.0372,45.69
JOB_687,PI,19.38,20.0,565.44,0.0961,54.34
JOB_688,PI,53.71,20.0,1724.39,0.1128,194.51
JOB_689,PI,22.36,25.0,897.91,0.1204,108.11
JOB_690,PI,53.26,20.0,1538.81,0.1051,161.73
JOB_691,GI,53.2,0.8,1037.25,0.0771,79.97
JOB_692,GI,40.99,0.8,785.2,0.074,58.1
JOB_693,GI,51.75,0.55,850.55,0.0299,25.43
JOB_694,PI,39.69,25.0,1617.98,0.2146,347.22
JOB_695,PI,42.16,20.0,1200.62,0.209,250.93
JOB_696,GI,46.93,0.9,1013.45,0.1721,174.41
JOB_697,PI,45.36,25.0,1781.5,0.1313,233.91
JOB_698,GI,13.69,1.0,409.79,0.1271,52.08
JOB_699,PI,24.73,20.0,711.26,0.1061,75.46
JOB_700,GI,27.51,1.0,667.29,0.0663,44.24
JOB_701,PI,49.61,20.0,1453.59,0.1203,174.87
JOB_702,GI,38.88,1.1,1047.48,0.1167,122.24
JOB_703,PI,46.26,20.0,1395.64,0.1882,262.66
JOB_704,GI,59.19,0.8,1150.05,0.0311,35.77
JOB_705,GI,17.08,1.1,571.88,0.0686,39.23
JOB_706,GI,16.68,1.2,596.19,0.0353,21.05
JOB_707,PI,26.91,25.0,943.45,0.1319,124.44
JOB_708,GI,22.48,1.2,639.87,0.0478,30.59
JOB_709,PI,23.14,20.0,704.37,0.121,85.23
JOB_710,PI,62.38,25.0,2431.09,0.1566,380.71
JOB_711,PI,22.39,20.0,648.88,0.1292,83.84
JOB_712,GI,54.92,1.0,1685.09,0.0278,46.85
JOB_713,PI,25.54,20.0,708.61,0.1768,125.28
JOB_714,PI,26.91,20.0,858.32,0.2112,181.28
JOB_715,PI,43.99,25.0,1507.31,0.1467,221.12
JOB_716,PI,43.19,25.0,1719.95,0.202,347.43
JOB_717,PI,13.22,25.0,494.77,0.1429,70.7
JOB_718,PI,18.79,20.0,577.36,0.2019,116.57
JOB_719,PI,22.4,30.0,977.84,0.0968,94.65
JOB_720,GI,12.16,0.8,234.59,0.0715,16.77
JOB_721,GI,26.09,0.7,452.35,0.0532,24.07
JOB_722,PI,30.42,25.0,1223.8,0.1036,126.79
JOB_723,GI,10.43,1.1,345.4,0.0619,21.38
JOB_724,GI,51.46,0.8,997.49,0.0384,38.3
JOB_725,GI,62.57,0.6,942.03,0.0316,29.77
JOB_726,PI,31.84,25.0,1169.38,0.203,237.38
JOB_727,PI,21.93,20.0,708.8,0.1256,89.03
JOB_728,GI,35.16,0.9,768.76,0.1271,97.71
JOB_729,PI,22.48,25.0,938.88,0.1429,134.17
JOB_730,GI,20.92,0.55,344.12,0.0624,21.47
JOB_731,PI,20.73,20.0,570.83,0.1336,76.26
JOB_732,GI,22.93,0.9,617.45,0.16,98.79
JOB_733,PI,29.84,30.0,1494.76,0.1953,291.93
JOB_734,PI,36.98,20.0,1156.76,0.1219,141.01
JOB_735,PI,40.71,30.0,2038.6,0.1535,312.93
JOB_736,GI,43.49,1.1,1145.54,0.0741,84.88
JOB_737,PI,67.63,20.0,1884.76,0.2147,404.66
JOB_738,GI,42.99,0.7,746.1,0.0453,33.8
JOB_739,GI,38.5,0.55,535.58,0.0452,24.21
JOB_740,PI,32.54,25.0,1193.17,0.1278,152.49
JOB_741,GI,14.32,0.8,274.68,0.0203,5.58
JOB_742,PI,64.02,20.0,1870.95,0.1551,290.18
JOB_743,PI,56.72,25.0,2098.05,0.2039,427.79
JOB_744,GI,27.78,0.8,663.94,0.0317,21.05
JOB_745,GI,25.61,0.7,444.26,0.0706,31.36
JOB_746,PI,38.6,30.0,1893.61,0.1649,312.26
JOB_747,PI,16.56,25.0,589.97,0.1371,80.88
JOB_748,GI,6.16,0.7,108.92,0.0362,3.94
JOB_749,PI,48.92,20.0,1372.71,0.18,247.09
JOB_750,GI,43.73,0.8,1056.87,0.0735,77.68
JOB_751,GI,22.41,0.56,311.8,0.0731,22.79
JOB_752,PI,12.29,20.0,371.38,0.133,49.39
JOB_753,PI,35.57,25.0,1362.88,0.1135,154.69
JOB_754,PI,49.09,25.0,1752.7,0.0882,154.59
JOB_755,GI,34.67,0.6,520.81,0.052,27.08
JOB_756,PI,14.42,25.0,546.06,0.1189,64.93
JOB_757,GI,27.88,0.8,549.68,0.0665,36.55
JOB_758,GI,44.63,1.2,1264.29,0.0262,33.12
JOB_759,PI,64.72,20.0,1898.35,0.0817,155.1
JOB_760,PI,41.7,20.0,1157.6,0.0978,113.21
JOB_761,GI,53.49,1.1,1413.28,0.0349,49.32
JOB_762,GI,39.93,0.7,699.0,0.0413,28.87
JOB_763,PI,44.37,20.0,1254.89,0.1997,250.6
JOB_764,PI,12.48,20.0,368.21,0.1508,55.53
JOB_765,GI,32.19,0.55,528.97,0.0672,35.55
JOB_766,PI,57.8,20.0,1710.7,0.0984,168.33
JOB_767,GI,8.63,0.8,167.73,0.0239,4.01
JOB_768,PI,49.92,20.0,1538.52,0.1114,171.39
JOB_769,PI,33.77,20.0,1059.97,0.11,116.6
JOB_770,GI,62.95,1.2,1777.89,0.0683,121.43
JOB_771,GI,32.65,0.6,495.63,0.0273,13.53
JOB_772,PI,20.81,30.0,1012.05,0.1056,106.87
JOB_773,GI,50.76,1.0,1527.91,0.0585,89.38
JOB_774,PI,60.76,25.0,2240.63,0.1926,431.55
JOB_775,PI,68.3,20.0,1936.94,0.1897,367.44
JOB_776,GI,9.67,0.6,148.32,0.0754,11.18
JOB_777,PI,51.29,30.0,2654.23,0.1742,462.37
JOB_778,GI,49.95,1.0,1510.88,0.0425,64.21
JOB_779,GI,43.58,0.8,1071.79,0.0738,79.1
JOB_780,GI,48.02,0.8,1154.38,0.079,91.2
JOB_781,GI,40.34,0.7,709.2,0.0292,20.71
JOB_782,GI,29.27,1.1,989.22,0.1082,107.03
JOB_783,PI,27.81,25.0,991.93,0.1187,117.74
JOB_784,GI,52.34,0.9,1163.14,0.0816,94.91
JOB_785,GI,26.73,1.2,754.19,0.0765,57.7
JOB_786,GI,36.13,0.56,509.82,0.0438,22.33
JOB_787,PI,49.27,20.0,1372.29,0.12,164.67
JOB_788,GI,11.17,0.7,233.55,0.0323,7.54
JOB_789,GI,36.59,0.6,541.51,0.0847,45.87
JOB_790,GI,39.25,1.1,1044.58,0.0226,23.61
JOB_791,PI,40.13,25.0,1557.89,0.1884,293.51
JOB_792,GI,47.29,0.7,834.84,0.0624,52.09
JOB_793,GI,33.91,1.1,907.3,0.0322,29.22
JOB_794,PI,51.24,25.0,2100.17,0.1884,395.67
JOB_795,PI,32.85,20.0,989.58,0.1165,115.29
JOB_796,GI,8.85,0.7,190.31,0.0445,8.47
JOB_797,GI,46.34,0.55,771.36,0.0842,64.95
JOB_798,GI,46.47,1.1,1266.15,0.0781,98.89
JOB_799,GI,10.78,0.56,184.59,0.0777,14.34
JOB_800,PI,58.43,20.0,1688.22,0.1656,279.57
JOB_801,PI,16.98,25.0,615.49,0.1389,85.49
JOB_802,PI,11.73,25.0,425.09,0.1871,79.53
JOB_803,GI,40.46,0.6,611.49,0.0609,37.24
JOB_804,PI,20.54,30.0,994.41,0.1286,127.88
JOB_805,PI,60.06,20.0,1916.91,0.1072,205.49
JOB_806,GI,13.49,0.8,259.8,0.0476,12.37
JOB_807,GI,44.37,1.0,1101.14,0.0243,26.76
JOB_808,GI,38.46,0.6,686.85,0.0694,47.67
JOB_809,PI,65.67,20.0,2081.9,0.1222,254.41
JOB_810,PI,14.2,25.0,573.67,0.133,76.3
JOB_811,GI,23.23,0.9,509.19,0.0293,14.92
JOB_812,GI,47.22,0.6,698.89,0.023,16.07
JOB_813,PI,36.6,25.0,1451.76,0.0897,130.22
JOB_814,GI,25.23,0.56,358.4,0.0492,17.63
JOB_815,GI,39.78,0.55,563.56,0.0591,33.31
JOB_816,GI,30.46,0.7,539.88,0.0735,39.68
JOB_817,GI,29.67,0.56,424.98,0.0707,30.05
JOB_818,PI,21.87,25.0,801.44,0.0846,67.8
JOB_819,GI,61.45,1.1,1620.28,0.0464,75.18
JOB_820,PI,24.52,20.0,777.19,0.105,81.6
JOB_821,PI,54.48,20.0,1531.04,0.191,292.43
JOB_822,GI,58.31,0.8,1114.11,0.0492,54.81
JOB_823,GI,17.05,0.7,297.88,0.0687,20.46
JOB_824,PI,68.26,25.0,2810.6,0.2197,617.49
JOB_825,PI,60.17,30.0,3115.37,0.1958,609.99
JOB_826,GI,48.79,1.2,1387.26,0.105,145.66
JOB_827,GI,42.34,0.7,892.82,0.1481,132.23
JOB_828,GI,20.2,0.7,355.21,0.0495,17.58
JOB_829,PI,22.68,30.0,1163.46,0.2018,234.79
JOB_830,GI,48.93,1.0,1207.53,0.1612,194.65
JOB_831,PI,20.01,30.0,955.64,0.1471,140.57
JOB_832,PI,55.49,25.0,2069.92,0.1576,326.22
JOB_833,GI,30.89,0.8,754.5,0.0242,18.26
JOB_834,GI,17.66,0.9,394.04,0.0735,28.96
JOB_835,GI,17.45,0.56,291.87,0.0284,8.29
JOB_836,PI,64.54,25.0,2595.3,0.1246,323.37
JOB_837,GI,24.81,0.8,474.98,0.0649,30.83
JOB_838,PI,42.46,25.0,1565.01,0.1152,180.29
JOB_839,GI,40.43,1.1,1065.09,0.1035,110.24
JOB_840,PI,58.53,25.0,2361.77,0.1346,317.89
JOB_841,GI,19.31,0.56,271.8,0.037,10.06
JOB_842,PI,40.95,20.0,1255.55,0.1228,154.18
JOB_843,GI,52.73,0.7,1127.22,0.0416,46.89
JOB_844,GI,51.74,1.0,1554.58,0.0767,119.24
JOB_845,GI,40.14,1.0,993.49,0.1653,164.22
JOB_846,PI,32.22,20.0,1052.79,0.1387,146.02
JOB_847,PI,44.36,25.0,1691.84,0.1429,241.76
JOB_848,PI,69.93,30.0,3444.5,0.1039,357.88
JOB_849,GI,45.92,1.0,1126.9,0.0423,47.67
JOB_850,PI,45.81,25.0,1896.62,0.2071,392.79
JOB_851,GI,64.23,0.56,914.16,0.1349,123.32
JOB_852,PI,58.73,25.0,2102.26,0.0894,187.94
JOB_853,PI,35.14,30.0,1583.71,0.1104,174.84
JOB_854,GI,14.78,0.7,254.41,0.0329,8.37
JOB_855,PI,64.44,20.0,2029.5,0.1249,253.48
JOB_856,GI,42.96,0.7,901.84,0.073,65.83
JOB_857,PI,51.28,25.0,2014.11,0.1647,331.72
JOB_858,GI,41.07,0.6,745.54,0.0603,44.96
JOB_859,PI,12.76,25.0,458.99,0.1511,69.35
JOB_860,GI,44.56,1.0,1093.22,0.0659,72.04
JOB_861,GI,19.88,0.56,333.32,0.0514,17.13
JOB_862,PI,69.63,25.0,2500.57,0.1137,284.31
JOB_863,GI,7.35,1.1,245.68,0.0682,16.76
JOB_864,GI,38.74,0.55,644.67,0.0822,52.99
JOB_865,PI,39.46,20.0,1171.25,0.2113,247.49
JOB_866,PI,54.13,20.0,1700.09,0.1782,302.96
JOB_867,PI,12.9,25.0,477.62,0.1637,78.19
JOB_868,PI,28.02,25.0,1018.61,0.1219,124.17
JOB_869,GI,22.6,0.6,336.88,0.0282,9.5
JOB_870,PI,22.82,20.0,747.9,0.16,119.66
JOB_871,PI,61.73,25.0,2216.61,0.103,228.31
JOB_872,PI,59.94,20.0,1657.09,0.1629,269.94
JOB_873,GI,29.45,0.6,451.42,0.0444,20.04
JOB_874,GI,18.43,0.6,272.69,0.0772,21.05
JOB_875,PI,25.91,30.0,1312.15,0.119,156.15
JOB_876,GI,34.54,0.8,824.99,0.027,22.27
JOB_877,PI,41.38,20.0,1125.73,0.1458,164.13
JOB_878,PI,45.54,20.0,1222.83,0.191,233.56
JOB_879,PI,64.91,25.0,2512.72,0.1407,353.54
JOB_880,GI,41.33,0.55,685.15,0.073,50.02
JOB_881,PI,37.59,20.0,1231.6,0.1548,190.65
JOB_882,PI,14.76,25.0,558.96,0.1018,56.9
JOB_883,PI,23.52,20.0,700.87,0.1152,80.74
JOB_884,PI,54.62,25.0,1933.74,0.178,344.21
JOB_885,PI,27.41,25.0,1126.64,0.1911,215.3
JOB_886,PI,31.61,25.0,1297.07,0.1495,193.91
JOB_887,PI,47.15,25.0,1668.78,0.1137,189.74
JOB_888,PI,54.53,25.0,2150.51,0.1352,290.75
JOB_889,GI,15.36,0.8,298.91,0.1344,40.17
JOB_890,PI,21.01,30.0,1077.22,0.1018,109.66
JOB_891,PI,40.89,20.0,1278.53,0.15,191.78
JOB_892,GI,33.28,0.6,497.6,0.0342,17.02
JOB_893,GI,64.67,1.1,1712.47,0.0503,86.14
JOB_894,GI,22.37,1.1,605.43,0.0207,12.53
JOB_895,PI,49.78,20.0,1474.05,0.0982,144.75
JOB_896,PI,24.6,30.0,1288.86,0.1556,200.55
JOB_897,GI,10.49,0.7,184.67,0.0299,5.52
JOB_898,GI,60.53,0.6,912.5,0.0246,22.45
JOB_899,PI,13.42,20.0,420.43,0.1014,42.63
JOB_900,PI,12.56,20.0,370.49,0.1447,53.61
JOB_901,PI,69.78,25.0,2530.85,0.0998,252.58
JOB_902,PI,20.54,20.0,605.05,0.1516,91.73
JOB_903,PI,34.21,30.0,1513.79,0.1686,255.22
JOB_904,GI,41.55,0.9,1114.35,0.1029,114.67
JOB_905,PI,62.26,20.0,1844.84,0.1415,261.04
JOB_906,PI,39.66,25.0,1598.09,0.1698,271.36
JOB_907,PI,27.75,25.0,1113.15,0.1138,126.68
JOB_908,GI,11.33,0.6,208.93,0.0339,7.08
JOB_909,GI,36.28,0.8,702.7,0.0483,33.94
JOB_910,GI,56.7,0.7,994.13,0.0412,40.96
JOB_911,PI,16.45,20.0,473.58,0.1896,89.79
JOB_912,PI,45.78,20.0,1455.9,0.144,209.65
JOB_913,PI,51.83,30.0,2340.18,0.1137,266.08
JOB_914,GI,39.36,0.7,689.04,0.0249,17.16
JOB_915,GI,43.62,0.7,755.01,0.1135,85.69
JOB_916,PI,18.57,25.0,698.09,0.197,137.52
JOB_917,GI,17.32,1.0,413.28,0.0468,19.34
JOB_918,GI,18.86,1.2,549.59,0.0882,48.47
JOB_919,PI,24.64,20.0,799.58,0.1536,122.82
JOB_920,GI,62.97,0.9,1688.27,0.0664,112.1
JOB_921,GI,37.74,0.7,658.95,0.0552,36.37
JOB_922,GI,53.87,0.7,945.92,0.0268,25.35
JOB_923,GI,57.72,0.56,974.36,0.0482,46.96
JOB_924,PI,30.61,20.0,975.14,0.144,140.42
JOB_925,GI,60.1,1.0,1851.01,0.0529,97.92
JOB_926,GI,48.33,0.6,735.16,0.0585,43.01
JOB_927,PI,54.03,20.0,1495.06,0.114,170.44
JOB_928,PI,37.55,30.0,1870.86,0.125,233.86
JOB_929,GI,18.51,0.56,316.67,0.057,18.05
JOB_930,PI,15.88,30.0,693.16,0.1637,113.47
JOB_931,GI,64.18,0.7,1334.02,0.1725,230.12
JOB_932,PI,63.04,30.0,2841.24,0.1778,505.17
JOB_933,PI,39.15,25.0,1399.47,0.1681,235.25
JOB_934,GI,36.13,1.1,985.18,0.0747,73.59
JOB_935,PI,60.53,20.0,1966.98,0.1033,203.19
JOB_936,GI,43.06,0.6,655.77,0.0823,53.97
JOB_937,GI,15.33,0.7,321.4,0.0817,26.26
JOB_938,GI,22.06,0.7,378.4,0.0619,23.42
JOB_939,PI,48.37,25.0,1777.8,0.1046,185.96
JOB_940,PI,49.18,25.0,1700.54,0.0918,156.11
JOB_941,PI,14.7,20.0,425.41,0.1316,55.98
JOB_942,PI,55.68,25.0,2165.23,0.1962,424.82
JOB_943,GI,61.89,0.6,1143.45,0.0533,60.95
JOB_944,GI,20.93,1.2,767.63,0.0917,70.39
JOB_945,PI,38.38,20.0,1149.85,0.0984,113.15
JOB_946,GI,10.53,0.8,256.83,0.034,8.73
JOB_947,PI,50.06,20.0,1644.68,0.2095,344.56
JOB_948,PI,22.16,25.0,800.78,0.1361,108.99
JOB_949,PI,19.29,20.0,600.38,0.1648,98.94
JOB_950,GI,42.49,1.1,1159.29,0.1321,153.14
JOB_951,PI,46.46,20.0,1426.24,0.0874,124.65
JOB_952,GI,26.93,0.6,413.1,0.0359,14.83
JOB_953,PI,18.05,20.0,499.0,0.1359,67.81
JOB_954,GI,62.06,0.8,1477.39,0.0218,32.21
JOB_955,GI,31.93,0.7,685.54,0.0565,38.73
JOB_956,PI,18.65,30.0,862.09,0.124,106.9
JOB_957,GI,16.61,0.7,293.82,0.0464,13.63
JOB_958,GI,21.75,0.9,475.35,0.036,17.11
JOB_959,PI,11.0,20.0,301.49,0.1274,38.41
JOB_960,PI,18.01,25.0,674.4,0.1341,90.44
JOB_961,PI,36.44,20.0,1110.96,0.1475,163.87
JOB_962,PI,57.32,20.0,1795.98,0.2168,389.37
JOB_963,PI,62.76,25.0,2638.55,0.0815,215.04
JOB_964,PI,33.84,20.0,1098.85,0.181,198.89
JOB_965,GI,54.69,0.7,968.43,0.0235,22.76
JOB_966,PI,12.85,20.0,404.54,0.1386,56.07
JOB_967,GI,33.55,1.0,1010.98,0.1046,105.75
JOB_968,PI,31.15,25.0,1118.7,0.0984,110.08
JOB_969,PI,61.06,20.0,1776.13,0.1432,254.34
JOB_970,PI,20.34,25.0,794.49,0.1832,145.55
JOB_971,PI,68.73,30.0,3454.76,0.1305,450.85
JOB_972,GI,63.51,0.9,1735.59,0.0332,57.62
JOB_973,PI,69.17,30.0,3429.17,0.1058,362.81
JOB_974,PI,13.7,25.0,545.56,0.1117,60.94
JOB_975,PI,55.88,20.0,1717.94,0.1333,229.0
JOB_976,GI,40.46,0.6,619.32,0.0847,52.46
JOB_977,PI,65.96,20.0,1941.07,0.1689,327.85
JOB_978,PI,23.62,25.0,918.16,0.1502,137.91
JOB_979,PI,24.73,25.0,974.96,0.1037,101.1
JOB_980,GI,12.64,1.0,304.53,0.0711,21.65
JOB_981,PI,14.87,20.0,433.38,0.1499,64.96
JOB_982,PI,69.85,20.0,1905.89,0.1611,307.04
JOB_983,PI,29.75,25.0,1046.3,0.1826,191.05
JOB_984,GI,29.93,1.1,1013.6,0.074,75.01
JOB_985,GI,34.91,0.7,733.69,0.0685,50.26
JOB_986,PI,45.97,25.0,1758.23,0.1226,215.56
JOB_987,GI,44.51,0.7,783.32,0.0493,38.62
JOB_988,GI,37.88,1.0,924.68,0.0476,44.01
JOB_989,PI,30.83,30.0,1439.85,0.1706,245.64
JOB_990,PI,29.24,25.0,1151.71,0.1091,125.65
JOB_991,PI,30.81,20.0,979.28,0.1626,159.23
JOB_992,GI,13.84,1.2,505.94,0.1012,51.2
JOB_993,PI,37.49,30.0,1613.13,0.1071,172.77
JOB_994,GI,32.72,1.1,888.7,0.0777,69.05
JOB_995,PI,59.45,20.0,1717.51,0.1266,217.44
JOB_996,PI,14.88,25.0,552.38,0.0928,51.26
JOB_997,GI,62.99,1.0,1930.06,0.0646,124.68
JOB_998,GI,50.2,0.8,1219.98,0.0239,29.16
JOB_999,GI,48.56,0.6,731.7,0.0253,18.51
JOB_1000,GI,62.24,0.9,1677.69,0.1398,234.54
JOB_1001,GI,44.85,1.0,1343.55,0.0518,69.6
JOB_1002,PI,52.61,25.0,2166.77,0.0947,205.19
JOB_1003,GI,31.58,1.0,760.22,0.0237,18.02
JOB_1004,GI,53.86,0.56,765.94,0.0269,20.6
JOB_1005,PI,17.58,30.0,829.92,0.1532,127.14
JOB_1006,PI,36.38,20.0,1041.98,0.1668,173.8
JOB_1007,GI,17.41,1.0,417.61,0.0738,30.82
JOB_1008,GI,51.95,0.6,941.1,0.0249,23.43
JOB_1009,GI,37.73,0.7,654.81,0.0914,59.85
JOB_1010,GI,41.19,0.9,887.17,0.0695,61.66
JOB_1011,GI,48.41,0.6,739.39,0.0405,29.95
JOB_1012,GI,27.28,0.55,383.31,0.1416,54.28
JOB_1013,PI,15.78,20.0,439.05,0.1159,50.89
JOB_1014,GI,29.0,0.8,712.0,0.1131,80.53
JOB_1015,GI,53.1,1.0,1303.55,0.0843,109.89
JOB_1016,PI,45.71,30.0,2085.56,0.1912,398.76
JOB_1017,GI,20.64,0.7,359.56,0.0572,20.57
JOB_1018,GI,23.76,0.8,458.3,0.0339,15.54
JOB_1019,PI,18.07,20.0,507.04,0.1533,77.73
JOB_1020,PI,39.03,20.0,1226.95,0.1813,222.45
JOB_1021,PI,39.1,30.0,1908.93,0.111,211.89
JOB_1022,PI,25.14,20.0,699.67,0.1645,115.1
JOB_1023,GI,21.93,0.7,377.98,0.0385,14.55
JOB_1024,PI,69.79,25.0,2658.5,0.1235,328.32
JOB_1025,GI,50.97,1.1,1380.28,0.1197,165.22
JOB_1026,GI,42.81,1.0,1269.99,0.0561,71.25
JOB_1027,GI,48.79,1.0,1502.68,0.0206,30.96
JOB_1028,GI,20.91,0.56,300.57,0.0276,8.3
JOB_1029,PI,21.6,20.0,609.16,0.189,115.13
JOB_1030,PI,39.48,30.0,1855.44,0.0823,152.7
JOB_1031,PI,65.68,20.0,1797.75,0.1879,337.8
JOB_1032,PI,19.64,20.0,546.1,0.1251,68.32
JOB_1033,PI,31.65,25.0,1187.04,0.1988,235.98
JOB_1034,PI,56.8,25.0,2338.51,0.1244,290.91
JOB_1035,GI,11.64,0.9,316.34,0.0464,14.68
JOB_1036,GI,9.48,0.9,208.54,0.0653,13.62
JOB_1037,GI,64.44,0.55,1081.74,0.0226,24.45
JOB_1038,PI,13.11,20.0,375.66,0.1328,49.89
JOB_1039,PI,32.32,30.0,1539.93,0.1525,234.84
JOB_1040,GI,32.07,0.8,767.86,0.0573,44.0
JOB_1041,GI,43.73,0.6,664.98,0.0679,45.15
JOB_1042,GI,17.27,0.7,301.0,0.0778,23.42
JOB_1043,GI,64.55,0.8,1252.7,0.0665,83.3
JOB_1044,GI,63.32,1.2,1840.4,0.0243,44.72
JOB_1045,PI,68.54,20.0,1934.61,0.0831,160.77
JOB_1046,PI,29.78,25.0,1255.76,0.0949,119.17
JOB_1047,PI,46.32,20.0,1316.7,0.1158,152.47
JOB_1048,GI,49.28,0.8,963.7,0.1665,160.46
JOB_1049,GI,13.09,1.2,383.08,0.0307,11.76
JOB_1050,GI,16.25,0.9,355.95,0.0675,24.03
JOB_1051,PI,25.12,25.0,970.27,0.0973,94.41
JOB_1052,GI,40.1,0.55,668.7,0.0773,51.69
JOB_1053,GI,44.9,0.55,736.86,0.0492,36.25
JOB_1054,PI,20.6,20.0,556.09,0.1315,73.13
JOB_1055,GI,52.95,1.0,1609.42,0.0457,73.55
JOB_1056,PI,67.1,30.0,3245.72,0.2086,677.06
JOB_1057,GI,11.19,0.7,241.02,0.0692,16.68
JOB_1058,PI,24.94,25.0,950.42,0.168,159.67
JOB_1059,GI,40.51,0.9,1116.31,0.0382,42.64
JOB_1060,PI,20.05,25.0,801.15,0.111,88.93
JOB_1061,GI,7.66,0.6,115.2,0.0302,3.48
JOB_1062,GI,11.71,0.9,251.79,0.0348,8.76
JOB_1063,PI,22.65,25.0,827.09,0.1066,88.17
JOB_1064,GI,23.72,0.7,495.29,0.0439,21.74
JOB_1065,PI,14.06,30.0,662.68,0.1424,94.37
JOB_1066,PI,41.96,25.0,1506.98,0.1393,209.92
JOB_1067,PI,31.64,25.0,1168.5,0.1035,120.94
JOB_1068,GI,57.59,0.7,1024.76,0.0691,70.81
JOB_1069,PI,62.88,20.0,2026.42,0.1874,379.75
JOB_1070,GI,38.53,0.9,834.35,0.152,126.82
JOB_1071,GI,54.36,1.0,1671.13,0.0738,123.33
JOB_1072,PI,66.3,20.0,1962.38,0.1086,213.11
JOB_1073,PI,20.6,20.0,666.93,0.1633,108.91
JOB_1074,GI,52.27,0.9,1150.56,0.0265,30.49
JOB_1075,PI,66.43,20.0,1868.77,0.1855,346.66
JOB_1076,PI,23.99,20.0,731.08,0.1312,95.92
JOB_1077,PI,41.27,25.0,1507.14,0.1002,151.02
JOB_1078,GI,57.17,0.8,1113.5,0.066,73.49
JOB_1079,GI,7.31,1.0,177.97,0.0667,11.87
JOB_1080,PI,19.08,20.0,571.67,0.149,85.18
JOB_1081,PI,37.63,20.0,1144.38,0.1457,166.74
JOB_1082,GI,25.16,0.55,355.39,0.0664,23.6
JOB_1083,GI,14.35,1.2,413.25,0.0633,26.16
JOB_1084,PI,16.48,20.0,487.66,0.0997,48.62
JOB_1085,GI,33.02,0.9,889.62,0.1499,133.35
JOB_1086,GI,24.04,0.8,470.19,0.0846,39.78
JOB_1087,GI,58.04,1.2,1658.22,0.0734,121.71
JOB_1088,PI,12.24,25.0,508.78,0.1899,96.62
JOB_1089,GI,24.35,0.9,667.98,0.1129,75.41
JOB_1090,PI,21.42,20.0,631.48,0.1577,99.58
JOB_1091,GI,16.33,0.7,283.56,0.0269,7.63
JOB_1092,PI,35.47,25.0,1462.19,0.1887,275.92
JOB_1093,GI,28.18,0.6,425.68,0.053,22.56
JOB_1094,PI,64.63,20.0,1863.11,0.1069,199.17
JOB_1095,GI,46.47,0.8,1128.02,0.0453,51.1
JOB_1096,GI,20.02,1.1,526.18,0.1471,77.4
JOB_1097,GI,48.28,0.56,676.26,0.1517,102.59
JOB_1098,PI,62.14,25.0,2401.24,0.115,276.14
JOB_1099,GI,40.16,1.0,981.9,0.0275,27.0
JOB_1100,GI,24.97,1.1,674.13,0.1383,93.23
JOB_1101,GI,43.38,0.6,662.13,0.0783,51.84
JOB_1102,PI,32.68,30.0,1448.92,0.1338,193.87
JOB_1103,GI,48.99,0.7,845.39,0.0771,65.18
JOB_1104,GI,30.0,1.2,1067.37,0.0469,50.06
JOB_1105,PI,46.1,30.0,2235.24,0.108,241.41
JOB_1106,GI,55.13,0.6,846.05,0.0718,60.75
JOB_1107,GI,60.45,1.1,1985.97,0.0362,71.89
JOB_1108,PI,61.28,30.0,2995.88,0.1062,318.16
JOB_1109,GI,63.0,0.7,1111.31,0.0401,44.56
JOB_1110,GI,41.31,0.7,863.16,0.0782,67.5
JOB_1111,PI,58.53,20.0,1780.13,0.2199,391.45
JOB_1112,GI,42.11,1.0,1012.95,0.0386,39.1
JOB_1113,PI,15.68,30.0,708.9,0.1428,101.23
JOB_1114,PI,46.45,25.0,1936.27,0.1235,239.13
JOB_1115,GI,64.58,1.2,1884.52,0.0399,75.19
JOB_1116,GI,42.78,0.8,827.07,0.048,39.7
JOB_1117,GI,42.55,0.7,887.48,0.0486,43.13
JOB_1118,GI,20.38,0.7,361.9,0.0558,20.19
JOB_1119,GI,51.65,1.1,1739.82,0.0478,83.16
JOB_1120,PI,42.67,20.0,1267.32,0.149,188.83
JOB_1121,GI,45.34,0.8,892.81,0.1021,91.16
JOB_1122,PI,49.18,20.0,1347.19,0.1346,181.33
JOB_1123,GI,7.84,0.55,110.57,0.0846,9.35
JOB_1124,PI,11.24,30.0,571.43,0.1683,96.17
JOB_1125,PI,15.72,25.0,606.82,0.1036,62.87
JOB_1126,PI,68.68,25.0,2579.95,0.0981,253.09
JOB_1127,PI,38.51,25.0,1505.71,0.1374,206.88
JOB_1128,GI,9.53,1.0,287.36,0.0803,23.08
JOB_1129,GI,14.24,0.7,245.88,0.0461,11.34
JOB_1130,PI,45.86,25.0,1771.73,0.115,203.75
JOB_1131,GI,46.24,1.2,1302.26,0.028,36.46
JOB_1132,PI,26.13,25.0,1043.32,0.1029,107.36
JOB_1133,PI,39.81,25.0,1416.92,0.1176,166.63
JOB_1134,PI,54.49,20.0,1548.77,0.0853,132.11
JOB_1135,PI,12.2,30.0,548.65,0.1051,57.66
JOB_1136,GI,50.59,1.1,1350.55,0.0433,58.48
JOB_1137,PI,37.32,30.0,1809.64,0.2135,386.36
JOB_1138,GI,13.31,0.55,186.48,0.0728,13.58
JOB_1139,PI,43.22,25.0,1745.97,0.1373,239.72
JOB_1140,PI,64.6,25.0,2287.53,0.1596,365.09
JOB_1141,GI,61.62,1.0,1880.28,0.0632,118.83
JOB_1142,GI,49.24,1.2,1813.44,0.1459,264.58
JOB_1143,PI,67.7,25.0,2662.84,0.1908,508.07
JOB_1144,PI,45.86,20.0,1481.86,0.1275,188.94
JOB_1145,PI,44.24,20.0,1261.2,0.1288,162.44
JOB_1146,PI,50.46,20.0,1651.41,0.1196,197.51
JOB_1147,PI,33.81,20.0,1045.28,0.1938,202.58
JOB_1148,PI,64.91,25.0,2620.96,0.1595,418.04
JOB_1149,GI,38.47,1.0,941.78,0.0399,37.58
JOB_1150,PI,13.45,30.0,674.59,0.1303,87.9
JOB_1151,GI,24.26,0.9,523.05,0.0345,18.05
JOB_1152,GI,21.37,0.56,305.52,0.0659,20.13
JOB_1153,PI,25.35,30.0,1306.44,0.0908,118.62
JOB_1154,GI,50.93,1.1,1361.59,0.0213,29.0
JOB_1155,PI,34.12,25.0,1265.43,0.1489,188.42
JOB_1156,GI,57.03,0.7,989.2,0.0596,58.96
JOB_1157,GI,40.38,0.9,886.19,0.1213,107.49
JOB_1158,PI,14.94,25.0,610.18,0.2166,132.16
JOB_1159,PI,50.69,30.0,2421.78,0.1825,441.97
JOB_1160,GI,9.71,0.7,170.62,0.0252,4.3
JOB_1161,PI,25.92,25.0,1036.83,0.119,123.38
JOB_1162,PI,69.81,20.0,2044.95,0.2165,442.73
JOB_1163,GI,10.72,1.2,387.4,0.0535,20.73
JOB_1164,PI,18.08,20.0,558.18,0.2132,119.0
JOB_1165,PI,63.56,25.0,2578.19,0.1304,336.2
JOB_1166,PI,10.76,30.0,549.01,0.135,74.12
JOB_1167,GI,40.6,0.7,844.73,0.0588,49.67
JOB_1168,PI,67.06,25.0,2367.35,0.1664,393.93
JOB_1169,GI,22.58,0.7,482.83,0.0512,24.72
JOB_1170,PI,49.58,20.0,1464.51,0.1148,168.13
JOB_1171,GI,60.53,1.0,1861.22,0.0239,44.48
JOB_1172,PI,65.82,30.0,3484.94,0.1245,433.88
JOB_1173,PI,23.09,30.0,1094.56,0.1964,214.97
JOB_1174,PI,36.98,25.0,1530.08,0.2137,326.98
JOB_1175,PI,40.67,25.0,1563.55,0.1438,224.84
JOB_1176,GI,58.41,1.1,1555.16,0.0404,62.83
JOB_1177,PI,40.28,25.0,1630.07,0.1009,164.47
JOB_1178,GI,51.44,1.1,1360.53,0.0305,41.5
JOB_1179,GI,59.53,1.1,1573.12,0.1411,221.97
JOB_1180,PI,67.87,20.0,2103.29,0.1181,248.4
JOB_1181,PI,57.3,20.0,1748.96,0.1403,245.38
JOB_1182,GI,44.36,0.8,873.36,0.0748,65.33
JOB_1183,GI,57.88,0.7,1247.78,0.0765,95.46
JOB_1184,GI,40.75,0.8,1004.04,0.0481,48.29
JOB_1185,PI,23.95,25.0,882.63,0.1484,130.98
JOB_1186,GI,42.56,0.6,631.02,0.0324,20.45
JOB_1187,PI,34.48,30.0,1633.63,0.1357,221.68
JOB_1188,GI,20.15,1.1,542.64,0.0231,12.53
JOB_1189,PI,63.56,25.0,2278.7,0.188,428.4
JOB_1190,PI,33.65,20.0,1071.33,0.1032,110.56
JOB_1191,GI,62.87,0.9,1367.62,0.0775,105.99
JOB_1192,PI,69.07,25.0,2754.1,0.2163,595.71
JOB_1193,GI,52.45,0.7,917.38,0.0731,67.06
JOB_1194,PI,32.41,20.0,935.2,0.1127,105.4
JOB_1195,PI,63.15,25.0,2306.29,0.1184,273.06
JOB_1196,GI,47.84,1.0,1419.97,0.045,63.9
JOB_1197,PI,37.91,20.0,1097.11,0.1172,128.58
JOB_1198,GI,59.45,0.8,1422.85,0.0369,52.5
JOB_1199,GI,19.13,1.0,466.92,0.0741,34.6
JOB_1200,GI,45.5,0.7,778.59,0.0737,57.38
JOB_1201,GI,10.59,0.7,227.61,0.0719,16.37
JOB_1202,GI,50.31,1.2,1438.9,0.1602,230.51
JOB_1203,PI,27.17,30.0,1314.67,0.1238,162.76
JOB_1204,GI,43.77,0.8,854.01,0.0509,43.47
JOB_1205,PI,52.79,20.0,1452.89,0.1245,180.88
JOB_1206,PI,42.14,25.0,1584.37,0.1559,247.0
JOB_1207,PI,35.75,20.0,1036.65,0.0939,97.34
JOB_1208,GI,44.31,1.1,1200.63,0.0641,76.96
JOB_1209,GI,16.07,0.9,347.82,0.0352,12.24
JOB_1210,GI,6.22,0.9,135.23,0.0416,5.63
JOB_1211,PI,30.33,30.0,1392.07,0.1332,185.42
JOB_1212,PI,27.61,20.0,897.73,0.0938,84.21
JOB_1213,PI,32.25,20.0,891.95,0.153,136.47
JOB_1214,PI,68.41,20.0,2147.17,0.1119,240.27
JOB_1215,GI,55.84,0.55,787.07,0.0509,40.06
JOB_1216,GI,26.92,0.9,578.9,0.0809,46.83
JOB_1217,GI,44.64,1.1,1473.43,0.0478,70.43
JOB_1218,GI,49.0,0.55,822.49,0.0726,59.71
JOB_1219,PI,48.15,30.0,2133.35,0.1743,371.84
JOB_1220,GI,57.92,0.56,817.9,0.1412,115.49
JOB_1221,GI,33.2,0.8,798.38,0.056,44.71
JOB_1222,GI,23.55,0.7,404.35,0.1616,65.34
JOB_1223,PI,69.2,20.0,2007.86,0.1486,298.37
JOB_1224,GI,9.56,1.1,260.11,0.0751,19.53
JOB_1225,PI,69.22,25.0,2660.15,0.1727,459.41
JOB_1226,PI,67.31,25.0,2433.32,0.1201,292.24
JOB_1227,GI,33.56,0.56,476.15,0.0239,11.38
JOB_1228,PI,19.79,25.0,819.54,0.2011,164.81
JOB_1229,GI,25.51,1.1,686.21,0.0747,51.26
JOB_1230,PI,55.51,25.0,2077.21,0.114,236.8
JOB_1231,PI,16.52,20.0,492.0,0.1222,60.12
JOB_1232,GI,43.74,0.7,765.27,0.0577,44.16
JOB_1233,GI,35.91,0.6,639.33,0.0544,34.78
JOB_1234,PI,40.71,30.0,2055.64,0.2071,425.72
JOB_1235,PI,69.53,20.0,2305.46,0.1394,321.38
JOB_1236,PI,11.92,20.0,349.25,0.1012,35.34
JOB_1237,GI,56.75,0.8,1376.59,0.0317,43.64
JOB_1238,GI,6.02,0.8,117.3,0.0751,8.81
JOB_1239,GI,30.06,1.1,802.7,0.1239,99.45
JOB_1240,GI,6.25,0.8,150.15,0.0213,3.2
JOB_1241,PI,64.93,20.0,2092.04,0.1506,315.06
JOB_1242,GI,17.85,0.6,322.43,0.0891,28.73
JOB_1243,PI,42.71,20.0,1290.63,0.1553,200.43
JOB_1244,PI,41.61,30.0,1957.57,0.1286,251.74
JOB_1245,GI,44.81,0.6,804.07,0.0795,63.92
JOB_1246,GI,28.72,1.2,1055.23,0.1401,147.84
JOB_1247,GI,10.12,0.8,239.89,0.0546,13.1
JOB_1248,PI,10.41,20.0,339.54,0.1969,66.86
JOB_1249,GI,29.62,0.55,407.57,0.0478,19.48
JOB_1250,GI,17.49,0.8,422.65,0.0695,29.37
JOB_1251,GI,38.31,0.9,849.96,0.0742,63.07
JOB_1252,GI,45.59,0.6,683.84,0.1126,77.0
JOB_1253,PI,28.51,25.0,1096.2,0.1059,116.09
JOB_1254,GI,29.3,0.6,535.01,0.0825,44.14
JOB_1255,GI,19.94,0.8,385.39,0.0417,16.07
JOB_1256,GI,35.7,0.8,684.93,0.0629,43.08
JOB_1257,PI,54.61,25.0,2288.29,0.1458,333.63
JOB_1258,GI,28.89,0.7,615.08,0.0794,48.84
JOB_1259,PI,25.86,20.0,717.46,0.1255,90.04
JOB_1260,PI,28.1,20.0,878.91,0.095,83.5
JOB_1261,PI,61.27,25.0,2452.7,0.1819,446.15
JOB_1262,GI,23.51,0.8,569.85,0.043,24.5
JOB_1263,GI,21.54,1.1,712.65,0.0848,60.43
JOB_1264,PI,22.02,20.0,679.24,0.2067,140.4
JOB_1265,PI,25.81,25.0,1017.95,0.1286,130.91
JOB_1266,PI,47.57,20.0,1438.78,0.2066,297.25
JOB_1267,PI,23.68,30.0,1204.53,0.1095,131.9
JOB_1268,PI,54.35,30.0,2639.26,0.1735,457.91
JOB_1269,GI,28.11,1.1,926.98,0.1105,102.43
JOB_1270,GI,46.42,1.0,1142.04,0.0314,35.86
JOB_1271,PI,44.11,30.0,2200.91,0.1284,282.6
JOB_1272,GI,47.45,0.8,1136.75,0.1607,182.68
JOB_1273,PI,11.4,25.0,447.65,0.1371,61.37
JOB_1274,GI,16.64,0.6,304.69,0.0622,18.95
JOB_1275,PI,27.85,20.0,880.6,0.1586,139.66
JOB_1276,PI,65.91,25.0,2619.46,0.1084,283.95
JOB_1277,GI,41.28,0.7,718.99,0.0773,55.58
JOB_1278,PI,46.81,25.0,1904.84,0.2045,389.54
JOB_1279,PI,64.85,20.0,1965.95,0.1158,227.66
JOB_1280,PI,39.45,25.0,1522.02,0.143,217.65
JOB_1281,PI,23.77,20.0,635.55,0.1342,85.29
JOB_1282,PI,10.48,30.0,479.06,0.2006,96.1
JOB_1283,GI,23.28,0.56,327.51,0.1575,51.58
JOB_1284,PI,55.23,20.0,1544.03,0.0886,136.8
JOB_1285,GI,26.82,1.0,797.08,0.0721,57.47
JOB_1286,PI,15.86,20.0,470.98,0.1142,53.79
JOB_1287,GI,37.91,0.7,652.35,0.0574,37.44
JOB_1288,PI,36.98,25.0,1435.2,0.0994,142.66
JOB_1289,PI,11.93,20.0,358.7,0.1165,41.79
JOB_1290,GI,60.72,0.6,1091.96,0.0217,23.7
JOB_1291,PI,10.49,20.0,298.56,0.14,41.8
JOB_1292,GI,37.1,1.0,1105.61,0.0471,52.07
JOB_1293,GI,15.57,1.0,464.72,0.0725,33.69
JOB_1294,PI,65.88,25.0,2650.39,0.1277,338.45
JOB_1295,GI,13.93,0.8,331.01,0.1506,49.85
JOB_1296,GI,22.67,1.2,652.34,0.0629,41.03
JOB_1297,PI,38.59,25.0,1502.11,0.1968,295.62
JOB_1298,PI,10.97,25.0,398.18,0.1077,42.88
JOB_1299,PI,49.33,25.0,1773.46,0.1403,248.82
JOB_1300,PI,52.88,20.0,1451.8,0.1169,169.72
JOB_1301,PI,65.56,20.0,1901.6,0.1065,202.52
JOB_1302,GI,16.17,0.9,359.86,0.054,19.43
JOB_1303,PI,32.36,20.0,1053.18,0.0819,86.26
JOB_1304,PI,38.17,20.0,1113.66,0.2131,237.32
JOB_1305,GI,24.35,0.7,424.31,0.0561,23.8
JOB_1306,GI,28.02,0.7,486.63,0.0549,26.72
JOB_1307,GI,34.35,0.7,740.36,0.0651,48.2
JOB_1308,GI,59.96,0.55,842.42,0.0404,34.03
JOB_1309,GI,44.74,1.1,1205.36,0.0525,63.28
JOB_1310,PI,44.38,25.0,1675.6,0.1965,329.26
JOB_1311,GI,44.89,0.55,631.27,0.0618,39.01
JOB_1312,PI,36.25,20.0,1072.35,0.0951,101.98
JOB_1313,GI,42.03,0.7,728.96,0.0237,17.28
JOB_1314,PI,25.81,20.0,750.95,0.1837,137.95
JOB_1315,PI,66.83,20.0,1847.56,0.1563,288.77
JOB_1316,GI,63.76,0.8,1229.37,0.0275,33.81
JOB_1317,GI,51.21,1.2,1483.89,0.0244,36.21
JOB_1318,GI,12.85,0.55,180.17,0.0221,3.98
JOB_1319,GI,30.51,1.0,743.62,0.1624,120.76
JOB_1320,GI,16.79,0.8,328.46,0.0365,11.99
JOB_1321,GI,19.8,1.0,490.5,0.1262,61.9
JOB_1322,GI,59.84,1.0,1844.45,0.0638,117.68
JOB_1323,GI,21.98,0.6,404.81,0.1715,69.42
JOB_1324,GI,58.75,1.1,1567.34,0.067,105.01
JOB_1325,GI,62.37,0.9,1360.41,0.0982,133.59
JOB_1326,GI,55.62,0.6,835.68,0.0404,33.76
JOB_1327,GI,38.97,0.56,552.04,0.0805,44.44
JOB_1328,GI,24.83,0.7,532.98,0.024,12.79
JOB_1329,GI,15.57,0.9,340.76,0.0551,18.78
JOB_1330,PI,37.14,30.0,1954.62,0.153,299.06
JOB_1331,GI,64.99,0.8,1556.56,0.0367,57.13
JOB_1332,GI,15.87,0.7,339.57,0.0554,18.81
JOB_1333,PI,42.55,25.0,1606.11,0.0948,152.26
JOB_1334,PI,66.14,20.0,2038.15,0.1467,299.0
JOB_1335,GI,39.6,0.9,1067.05,0.0833,88.89
JOB_1336,PI,57.89,20.0,1783.05,0.0981,174.92
JOB_1337,PI,62.11,30.0,2845.08,0.2056,584.95
JOB_1338,GI,29.94,0.55,413.18,0.0694,28.67
JOB_1339,GI,32.12,1.1,1051.11,0.0829,87.14
JOB_1340,PI,15.19,25.0,610.1,0.0846,51.61
JOB_1341,GI,58.91,0.8,1130.81,0.0455,51.45
JOB_1342,GI,50.82,0.7,889.14,0.0408,36.28
JOB_1343,GI,25.02,0.9,549.56,0.0351,19.29
JOB_1344,PI,14.06,20.0,440.08,0.146,64.25
JOB_1345,GI,31.19,0.7,672.3,0.0509,34.22
JOB_1346,GI,34.61,0.6,515.89,0.0401,20.69
JOB_1347,PI,28.87,25.0,1210.99,0.1593,192.91
JOB_1348,GI,26.4,0.55,366.89,0.074,27.15
JOB_1349,PI,28.78,25.0,1153.68,0.091,104.98
JOB_1350,GI,46.84,1.2,1355.72,0.0357,48.4
JOB_1351,PI,15.97,20.0,478.33,0.2005,95.91
JOB_1352,GI,50.31,1.2,1418.48,0.0763,108.23
JOB_1353,GI,19.11,0.7,396.39,0.0284,11.26
JOB_1354,GI,61.92,0.55,869.13,0.0371,32.24
JOB_1355,PI,29.85,20.0,928.5,0.204,189.41
JOB_1356,GI,63.88,0.8,1568.28,0.0473,74.18
JOB_1357,GI,57.89,0.8,1426.83,0.0445,63.49
JOB_1358,PI,54.23,25.0,1898.08,0.1496,283.95
JOB_1359,PI,17.72,20.0,513.46,0.1288,66.13
JOB_1360,GI,17.66,0.56,255.24,0.0609,15.54
JOB_1361,GI,33.33,0.8,655.95,0.0695,45.59
JOB_1362,PI,44.37,20.0,1372.31,0.149,204.47
JOB_1363,GI,24.07,0.8,465.44,0.0247,11.5
JOB_1364,GI,31.62,0.55,434.62,0.0835,36.29
JOB_1365,PI,57.71,20.0,1769.81,0.1922,340.16
JOB_1366,PI,21.99,20.0,672.22,0.1104,74.21
JOB_1367,PI,40.85,20.0,1253.55,0.16,200.57
JOB_1368,GI,27.75,0.7,582.5,0.0551,32.1
JOB_1369,GI,27.85,0.56,402.69,0.0751,30.24
JOB_1370,PI,17.67,20.0,493.21,0.208,102.59
JOB_1371,PI,31.34,30.0,1550.93,0.1372,212.79
JOB_1372,PI,57.36,20.0,1685.24,0.1173,197.68
JOB_1373,GI,50.9,0.7,900.1,0.0328,29.52
JOB_1374,PI,29.86,20.0,951.6,0.1591,151.4
JOB_1375,GI,30.52,0.8,589.98,0.056,33.04
JOB_1376,PI,55.53,25.0,1965.03,0.1895,372.37
JOB_1377,PI,37.62,20.0,1076.48,0.0804,86.55
JOB_1378,GI,63.24,1.0,1880.18,0.0444,83.48
JOB_1379,PI,35.85,20.0,1032.12,0.2035,210.04
JOB_1380,GI,8.87,0.9,242.24,0.0288,6.98
JOB_1381,GI,54.25,0.8,1056.47,0.0672,70.99
JOB_1382,GI,41.33,1.2,1488.73,0.0552,82.18
JOB_1383,PI,54.69,25.0,2171.45,0.142,308.35
JOB_1384,PI,32.96,20.0,1033.53,0.1799,185.93
JOB_1385,PI,45.35,25.0,1753.22,0.1226,214.94
JOB_1386,PI,43.83,30.0,2019.03,0.1523,307.5
JOB_1387,GI,12.01,0.7,206.45,0.0493,10.18
JOB_1388,GI,11.07,0.9,301.2,0.0466,14.04
JOB_1389,PI,28.31,20.0,803.22,0.1305,104.82
JOB_1390,PI,63.78,20.0,1970.59,0.1554,306.23
JOB_1391,PI,63.47,20.0,1963.46,0.1283,251.91
JOB_1392,PI,30.35,20.0,964.49,0.1009,97.32
JOB_1393,PI,12.16,25.0,486.87,0.1278,62.22
JOB_1394,GI,50.74,1.0,1536.86,0.1499,230.38
JOB_1395,PI,31.89,25.0,1292.59,0.1495,193.24
JOB_1396,PI,12.31,20.0,376.96,0.1138,42.9
JOB_1397,GI,61.11,0.8,1490.32,0.0553,82.41
JOB_1398,PI,67.05,25.0,2385.67,0.1753,418.21
JOB_1399,PI,39.21,20.0,1114.32,0.1353,150.77
JOB_1400,PI,39.56,20.0,1144.29,0.1438,164.55
JOB_1401,PI,28.42,30.0,1455.22,0.1281,186.41
JOB_1402,GI,37.3,1.2,1056.24,0.0493,52.07
JOB_1403,GI,30.06,1.1,1004.58,0.0765,76.85
JOB_1404,PI,16.17,25.0,648.23,0.2172,140.8
JOB_1405,PI,45.72,20.0,1432.55,0.1976,283.07
JOB_1406,GI,53.15,0.6,801.34,0.0257,20.59
JOB_1407,PI,21.56,25.0,762.6,0.105,80.07
JOB_1408,PI,40.0,25.0,1505.32,0.1488,223.99
JOB_1409,GI,14.4,0.6,217.55,0.0242,5.26
JOB_1410,PI,60.2,25.0,2421.6,0.1593,385.76
JOB_1411,PI,35.41,20.0,1124.64,0.1142,128.43
JOB_1412,PI,35.6,20.0,1120.05,0.1008,112.9
JOB_1413,PI,29.45,25.0,1024.4,0.1118,114.53
JOB_1414,PI,12.9,20.0,359.27,0.0994,35.71
JOB_1415,GI,16.69,0.8,409.77,0.0311,12.74
JOB_1416,PI,53.1,25.0,2201.52,0.099,217.95
JOB_1417,PI,12.45,25.0,483.1,0.1016,49.08
JOB_1418,PI,13.48,20.0,440.9,0.1611,71.03
JOB_1419,PI,19.62,25.0,708.51,0.2139,151.55
JOB_1420,GI,31.9,1.2,929.58,0.0425,39.51
JOB_1421,PI,56.61,30.0,2691.24,0.0828,222.83
JOB_1422,GI,55.36,0.9,1502.42,0.0432,64.9
JOB_1423,PI,55.86,30.0,2686.96,0.1161,311.96
JOB_1424,PI,45.99,20.0,1412.49,0.1721,243.09
JOB_1425,GI,35.69,0.8,859.48,0.0357,30.68
JOB_1426,PI,48.0,30.0,2357.18,0.1826,430.42
JOB_1427,PI,20.6,20.0,545.34,0.1866,101.76
JOB_1428,GI,28.29,0.8,540.2,0.0208,11.24
JOB_1429,PI,55.46,20.0,1771.79,0.1446,256.2
JOB_1430,GI,37.12,1.2,1331.21,0.1295,172.39
JOB_1431,GI,61.91,1.1,1634.87,0.1181,193.08
JOB_1432,GI,57.92,0.8,1401.39,0.1352,189.47
JOB_1433,PI,62.47,30.0,3296.43,0.1089,358.98
JOB_1434,GI,19.74,1.2,572.86,0.0304,17.41
JOB_1435,GI,11.16,0.8,265.32,0.0747,19.82
JOB_1436,PI,43.36,25.0,1532.28,0.1051,161.04
JOB_1437,PI,49.26,20.0,1442.26,0.1196,172.49
JOB_1438,GI,30.98,0.7,544.91,0.1109,60.43
JOB_1439,PI,23.15,30.0,1023.23,0.1654,169.24
JOB_1440,GI,23.36,0.6,422.68,0.0409,17.29
JOB_1441,PI,39.07,20.0,1173.24,0.1884,221.04
JOB_1442,GI,55.94,0.9,1227.58,0.04,49.1
JOB_1443,GI,30.17,0.9,673.1,0.0843,56.74
JOB_1444,PI,22.92,25.0,814.51,0.1575,128.29
JOB_1445,PI,45.18,30.0,2124.71,0.0814,172.95
JOB_1446,GI,27.92,1.1,745.71,0.0443,33.03
JOB_1447,GI,29.33,0.8,707.23,0.0707,50.0
JOB_1448,GI,54.51,0.7,945.95,0.0623,58.93
JOB_1449,GI,54.61,0.9,1468.13,0.0626,91.9
JOB_1450,PI,65.36,20.0,2047.43,0.0819,167.68
JOB_1451,PI,26.13,30.0,1268.48,0.0895,113.53
JOB_1452,GI,63.89,0.8,1256.31,0.049,61.56
JOB_1453,GI,7.95,0.8,191.81,0.0529,10.15
JOB_1454,GI,12.85,1.1,339.76,0.1524,51.78
JOB_1455,PI,59.67,20.0,1892.18,0.1573,297.64
JOB_1456,GI,19.37,0.8,373.34,0.1181,44.09
JOB_1457,PI,64.6,20.0,1958.6,0.1516,296.92
JOB_1458,GI,21.1,0.7,374.29,0.0642,24.03
JOB_1459,GI,27.08,1.2,763.98,0.0675,51.57
JOB_1460,GI,23.9,0.7,504.23,0.0693,34.94
JOB_1461,GI,57.32,0.7,1213.1,0.0792,96.08
JOB_1462,PI,34.95,20.0,1080.82,0.2075,224.27
JOB_1463,PI,22.63,20.0,696.15,0.1154,80.34
JOB_1464,GI,15.5,0.9,343.8,0.1788,61.47
JOB_1465,GI,21.12,0.56,361.01,0.0206,7.44
JOB_1466,PI,69.96,20.0,2269.74,0.1505,341.6
JOB_1467,PI,18.79,25.0,708.06,0.1336,94.6
JOB_1468,PI,38.43,20.0,1247.46,0.1393,173.77
JOB_1469,GI,37.54,0.6,556.12,0.0957,53.22
JOB_1470,GI,28.37,0.56,395.71,0.0687,27.19
JOB_1471,GI,62.61,0.7,1306.12,0.034,44.41
JOB_1472,PI,54.23,20.0,1606.62,0.1983,318.59
JOB_1473,GI,64.78,0.55,1060.28,0.0289,30.64
JOB_1474,GI,32.94,0.9,895.73,0.0649,58.13
JOB_1475,PI,41.68,20.0,1326.14,0.2103,278.89
JOB_1476,PI,39.82,20.0,1087.38,0.1321,143.64
JOB_1477,PI,50.54,20.0,1545.58,0.148,228.75
JOB_1478,GI,9.29,0.7,200.36,0.0724,14.51
JOB_1479,PI,31.85,20.0,916.12,0.1562,143.1
JOB_1480,PI,16.36,20.0,454.41,0.2161,98.2
JOB_1481,GI,13.34,0.9,290.9,0.0546,15.88
JOB_1482,PI,35.1,30.0,1688.73,0.1257,212.27
JOB_1483,GI,31.22,0.7,535.1,0.0531,28.41
JOB_1484,GI,50.42,0.56,843.21,0.0528,44.52
JOB_1485,GI,41.49,0.8,988.06,0.0796,78.65
JOB_1486,PI,39.45,25.0,1442.9,0.1347,194.36
JOB_1487,PI,50.85,20.0,1546.99,0.1067,165.06
JOB_1488,GI,14.09,0.55,229.64,0.0369,8.47
JOB_1489,PI,26.36,20.0,796.2,0.1686,134.24
JOB_1490,PI,26.92,20.0,764.13,0.1132,86.5
JOB_1491,PI,49.36,20.0,1403.65,0.1308,183.6
JOB_1492,PI,23.97,20.0,724.0,0.127,91.95
JOB_1493,GI,60.18,0.7,1247.93,0.0743,92.72
JOB_1494,PI,57.89,25.0,2434.59,0.1676,408.04
JOB_1495,GI,51.4,0.55,710.64,0.0368,26.15
JOB_1496,PI,10.02,30.0,460.6,0.1244,57.3
JOB_1497,PI,68.81,20.0,2010.41,0.1529,307.39
JOB_1498,PI,27.53,20.0,831.76,0.1168,97.15
JOB_1499,PI,38.26,25.0,1400.74,0.1181,165.43
JOB_1500,GI,46.94,0.7,1010.49,0.05,50.52
JOB_1501,GI,7.29,0.8,143.0,0.0223,3.19
JOB_1502,PI,56.27,25.0,2258.39,0.1954,441.29
JOB_1503,GI,27.52,1.1,740.7,0.1148,85.03
JOB_1504,GI,26.48,1.2,957.47,0.0644,61.66
JOB_1505,GI,54.78,0.7,949.4,0.0555,52.69
JOB_1506,PI,27.58,20.0,889.99,0.1054,93.8
JOB_1507,PI,25.6,25.0,971.57,0.1679,163.13
JOB_1508,GI,25.13,0.8,483.5,0.0626,30.27
JOB_1509,GI,25.87,0.9,575.61,0.0319,18.36
JOB_1510,GI,64.7,0.9,1749.83,0.0624,109.19
JOB_1511,PI,12.73,25.0,446.13,0.099,44.17
JOB_1512,PI,56.79,25.0,2191.78,0.1503,329.42
JOB_1513,GI,64.75,0.8,1237.42,0.0542,67.07
JOB_1514,PI,34.15,25.0,1244.7,0.1813,225.66
JOB_1515,PI,40.52,30.0,1931.85,0.2045,395.06
JOB_1516,PI,48.12,25.0,1825.32,0.1789,326.55
JOB_1517,PI,66.77,30.0,3037.4,0.0947,287.64
JOB_1518,PI,36.18,25.0,1463.5,0.1724,252.31
JOB_1519,GI,13.93,1.0,339.53,0.0604,20.51
JOB_1520,PI,34.61,25.0,1391.24,0.198,275.47
JOB_1521,PI,37.93,25.0,1473.87,0.1716,252.92
JOB_1522,GI,45.25,0.7,799.78,0.0608,48.63
JOB_1523,GI,61.95,0.55,1015.18,0.0757,76.85
JOB_1524,GI,9.55,1.2,272.19,0.0273,7.43
JOB_1525,PI,11.2,25.0,405.67,0.2132,86.49
JOB_1526,PI,27.17,25.0,1110.24,0.1107,122.9
JOB_1527,GI,45.94,1.2,1676.83,0.0705,118.22
JOB_1528,GI,6.87,0.8,134.06,0.0439,5.89
JOB_1529,PI,17.17,20.0,501.82,0.0856,42.96
JOB_1530,GI,14.11,0.7,246.35,0.0543,13.38
JOB_1531,PI,42.42,25.0,1607.25,0.1644,264.23
JOB_1532,GI,46.24,1.0,1134.0,0.0471,53.41
JOB_1533,GI,50.12,1.1,1344.52,0.1064,143.06
JOB_1534,GI,6.14,0.56,87.57,0.0345,3.02
JOB_1535,GI,23.11,0.7,496.56,0.0441,21.9
JOB_1536,PI,13.33,25.0,546.24,0.1942,106.08
JOB_1537,GI,39.24,0.55,546.8,0.0607,33.19
JOB_1538,PI,60.49,25.0,2406.69,0.124,298.43
JOB_1539,GI,47.27,1.2,1333.47,0.0626,83.48
JOB_1540,PI,19.6,20.0,569.41,0.089,50.68
JOB_1541,GI,7.82,0.6,118.3,0.0327,3.87
JOB_1542,GI,56.18,1.0,1378.97,0.0835,115.14
JOB_1543,PI,63.79,25.0,2374.17,0.1429,339.27
JOB_1544,GI,18.99,1.1,506.65,0.0394,19.96
JOB_1545,PI,39.99,20.0,1192.75,0.129,153.86
JOB_1546,GI,57.97,1.1,1906.39,0.0553,105.42
JOB_1547,PI,65.67,20.0,2011.98,0.0956,192.35
JOB_1548,PI,35.46,25.0,1296.64,0.1115,144.58
JOB_1549,GI,9.29,1.0,221.77,0.064,14.19
JOB_1550,GI,38.35,0.7,801.82,0.0259,20.77
JOB_1551,PI,27.21,25.0,979.95,0.1512,148.17
JOB_1552,PI,15.59,25.0,580.89,0.1428,82.95
JOB_1553,GI,31.0,0.9,683.98,0.064,43.77
JOB_1554,GI,50.87,0.6,779.7,0.0501,39.06
JOB_1555,PI,48.17,20.0,1277.78,0.1434,183.23
JOB_1556,GI,60.77,1.1,1599.27,0.0635,101.55
JOB_1557,PI,23.87,25.0,861.6,0.1847,159.14
JOB_1558,GI,9.17,0.55,126.43,0.0705,8.91
JOB_1559,GI,14.04,1.1,464.57,0.1235,57.37
JOB_1560,PI,25.11,20.0,714.03,0.0912,65.12
JOB_1561,PI,45.2,20.0,1490.3,0.1465,218.33
JOB_1562,PI,26.26,20.0,831.63,0.1396,116.1
JOB_1563,GI,62.33,0.7,1066.54,0.0246,26.24
JOB_1564,GI,35.86,0.9,779.38,0.0507,39.51
JOB_1565,GI,40.97,0.6,749.8,0.0839,62.91
JOB_1566,PI,13.7,25.0,506.81,0.1684,85.35
JOB_1567,GI,47.88,1.2,1394.93,0.0246,34.32
JOB_1568,PI,41.37,25.0,1610.44,0.1741,280.38
JOB_1569,PI,25.01,30.0,1328.61,0.211,280.34
JOB_1570,GI,47.45,1.0,1166.27,0.0926,108.0
JOB_1571,PI,29.51,30.0,1375.04,0.211,290.13
JOB_1572,PI,26.09,20.0,732.44,0.1739,127.37
JOB_1573,PI,34.8,20.0,1148.46,0.1604,184.21
JOB_1574,GI,49.77,1.2,1419.66,0.0803,114.0
JOB_1575,GI,34.08,1.0,1043.2,0.02,20.86
JOB_1576,GI,7.96,0.8,195.81,0.057,11.16
JOB_1577,GI,14.5,0.6,261.06,0.0269,7.02
JOB_1578,GI,12.61,0.9,275.75,0.0618,17.04
JOB_1579,GI,57.56,0.7,989.74,0.028,27.71
JOB_1580,GI,51.86,0.8,1261.98,0.0554,69.91
JOB_1581,GI,8.41,0.56,118.35,0.0402,4.76
JOB_1582,PI,67.85,25.0,2556.96,0.2055,525.46
JOB_1583,PI,25.42,20.0,799.76,0.1975,157.95
JOB_1584,GI,32.36,0.9,868.58,0.063,54.72
JOB_1585,PI,67.92,30.0,3597.9,0.2129,765.99
JOB_1586,GI,33.22,1.2,957.82,0.0662,63.41
JOB_1587,PI,57.06,30.0,2702.25,0.1218,329.13
JOB_1588,GI,36.87,0.8,730.23,0.0361,26.36
JOB_1589,GI,7.02,1.0,173.95,0.1529,26.6
JOB_1590,GI,30.17,0.9,654.99,0.0592,38.78
JOB_1591,PI,50.53,25.0,1926.14,0.2062,397.17
JOB_1592,PI,60.32,30.0,3084.06,0.2139,659.68
JOB_1593,GI,61.82,1.0,1496.21,0.0228,34.11
JOB_1594,PI,16.13,25.0,669.8,0.2194,146.95
JOB_1595,PI,58.44,20.0,1735.02,0.1134,196.75
JOB_1596,GI,30.7,0.6,460.62,0.0392,18.06
JOB_1597,PI,12.6,20.0,389.54,0.1109,43.2
JOB_1598,PI,48.92,20.0,1360.74,0.0985,134.03
JOB_1599,PI,19.27,20.0,511.45,0.1519,77.69
JOB_1600,GI,64.57,1.1,1742.87,0.0832,145.01
JOB_1601,PI,52.64,25.0,1973.58,0.1895,373.99
JOB_1602,PI,20.75,20.0,617.04,0.1449,89.41
JOB_1603,PI,55.93,30.0,2953.06,0.2111,623.39
JOB_1604,GI,7.49,0.56,104.72,0.0635,6.65
JOB_1605,PI,10.09,20.0,296.51,0.1434,42.52
JOB_1606,GI,56.0,0.9,1220.69,0.0601,73.36
JOB_1607,PI,57.75,20.0,1850.86,0.1019,188.6
JOB_1608,GI,27.22,0.6,402.16,0.0787,31.65
JOB_1609,PI,51.0,20.0,1506.24,0.1327,199.88
JOB_1610,PI,17.8,25.0,737.25,0.1528,112.65
JOB_1611,PI,67.86,25.0,2660.81,0.1904,506.62
JOB_1612,PI,12.65,25.0,447.64,0.1654,74.04
JOB_1613,GI,42.01,1.2,1200.54,0.1764,211.78
JOB_1614,PI,33.67,20.0,970.63,0.1069,103.76
JOB_1615,GI,59.26,1.1,1559.52,0.0463,72.21
JOB_1616,GI,31.02,0.8,604.7,0.0545,32.96
JOB_1617,GI,22.48,0.9,483.17,0.1783,86.15
JOB_1618,GI,61.24,0.55,1007.31,0.0805,81.09
JOB_1619,PI,20.58,25.0,745.5,0.1491,111.15
JOB_1620,GI,60.36,0.9,1327.57,0.0755,100.23
JOB_1621,GI,64.6,1.0,1595.57,0.0602,96.05
JOB_1622,GI,55.84,0.6,842.84,0.0462,38.94
JOB_1623,PI,60.55,20.0,1843.42,0.2013,371.08
JOB_1624,GI,52.67,0.7,1119.29,0.0602,67.38
JOB_1625,PI,20.64,20.0,632.7,0.1095,69.28
JOB_1626,GI,7.6,0.6,113.84,0.1032,11.75
JOB_1627,GI,55.37,0.6,1021.67,0.0751,76.73
JOB_1628,GI,49.77,0.9,1348.18,0.0359,48.4
JOB_1629,GI,15.46,0.55,259.05,0.0731,18.94
JOB_1630,PI,27.52,25.0,1117.92,0.1312,146.67
JOB_1631,PI,63.4,25.0,2635.38,0.1177,310.18
JOB_1632,GI,14.98,1.1,495.27,0.0603,29.86
JOB_1633,PI,45.18,20.0,1253.5,0.1607,201.44
JOB_1634,PI,41.41,20.0,1151.43,0.117,134.72
JOB_1635,GI,6.62,0.7,114.68,0.0365,4.19
JOB_1636,GI,21.17,0.8,512.47,0.0685,35.1
JOB_1637,GI,48.95,0.7,848.79,0.0238,20.2
JOB_1638,GI,23.81,0.55,399.53,0.0254,10.15
JOB_1639,GI,26.65,0.8,524.28,0.0809,42.41
JOB_1640,GI,26.82,1.1,713.12,0.0306,21.82
JOB_1641,PI,62.94,20.0,1840.42,0.1516,279.01
JOB_1642,GI,9.71,1.2,277.67,0.0374,10.38
JOB_1643,GI,60.41,0.8,1193.82,0.0478,57.06
JOB_1644,PI,10.32,20.0,316.42,0.0805,25.47
JOB_1645,GI,43.28,1.0,1291.12,0.0721,93.09
JOB_1646,GI,57.57,0.8,1108.27,0.0542,60.07
JOB_1647,PI,59.53,20.0,1714.01,0.194,332.52
JOB_1648,PI,51.29,20.0,1622.82,0.1718,278.8
JOB_1649,GI,63.47,0.9,1370.95,0.0231,31.67
JOB_1650,PI,18.15,30.0,872.67,0.1431,124.88
JOB_1651,GI,50.74,0.7,1063.67,0.0337,35.85
JOB_1652,PI,50.46,20.0,1369.93,0.2191,300.15
JOB_1653,GI,21.56,0.8,419.69,0.0609,25.56
JOB_1654,GI,59.88,0.9,1616.67,0.1473,238.14
JOB_1655,GI,8.0,1.2,229.43,0.1411,32.37
JOB_1656,PI,25.65,30.0,1174.84,0.218,256.12
JOB_1657,GI,28.45,1.0,860.78,0.0326,28.06
JOB_1658,PI,25.49,20.0,766.94,0.1386,106.3
JOB_1659,PI,10.7,25.0,380.58,0.0927,35.28
JOB_1660,PI,34.92,25.0,1430.55,0.106,151.64
JOB_1661,PI,29.03,20.0,852.55,0.1398,119.19
JOB_1662,GI,40.01,0.9,881.79,0.0322,28.39
JOB_1663,GI,45.0,1.1,1514.72,0.0488,73.92
JOB_1664,PI,22.49,20.0,620.3,0.1372,85.11
JOB_1665,PI,29.36,25.0,1120.85,0.1459,163.53
JOB_1666,GI,42.57,1.0,1033.0,0.0688,71.07
JOB_1667,PI,54.0,25.0,1888.81,0.1659,313.35
JOB_1668,GI,25.65,0.9,568.42,0.1749,99.42
JOB_1669,PI,65.83,20.0,1814.28,0.1544,280.12
JOB_1670,PI,56.61,20.0,1642.18,0.0945,155.19
JOB_1671,PI,31.06,20.0,997.91,0.1603,159.96
JOB_1672,PI,58.33,20.0,1684.72,0.1184,199.47
JOB_1673,GI,58.08,0.55,804.43,0.1446,116.32
JOB_1674,GI,53.26,0.7,1118.65,0.0402,44.97
JOB_1675,PI,40.62,20.0,1197.67,0.1201,143.84
JOB_1676,PI,51.52,25.0,1881.46,0.1065,200.38
JOB_1677,GI,32.81,1.0,994.89,0.0314,31.24
JOB_1678,GI,16.14,0.7,285.13,0.0497,14.17
JOB_1679,GI,18.29,0.56,254.32,0.0761,19.35
JOB_1680,GI,10.96,1.0,272.01,0.0749,20.37
JOB_1681,GI,56.99,1.0,1689.72,0.0809,136.7
JOB_1682,GI,21.04,0.6,378.19,0.0678,25.64
JOB_1683,PI,24.73,30.0,1085.31,0.1984,215.33
JOB_1684,GI,21.94,1.2,634.28,0.0668,42.37
JOB_1685,PI,64.1,25.0,2511.54,0.1332,334.54
JOB_1686,GI,61.15,0.6,925.95,0.0308,28.52
JOB_1687,GI,15.46,0.7,271.29,0.0271,7.35
JOB_1688,PI,62.55,20.0,1700.35,0.1421,241.62
JOB_1689,PI,31.88,20.0,1012.42,0.2077,210.28
JOB_1690,GI,15.6,0.6,285.85,0.0748,21.38
JOB_1691,PI,59.85,25.0,2368.67,0.1757,416.18
JOB_1692,GI,59.39,0.7,1276.08,0.0258,32.92
JOB_1693,GI,8.83,0.7,184.68,0.0788,14.55
JOB_1694,PI,41.33,30.0,2190.93,0.1109,242.97
JOB_1695,GI,54.03,1.1,1429.75,0.049,70.06
JOB_1696,PI,49.84,25.0,2057.06,0.1496,307.74
JOB_1697,PI,60.38,30.0,2934.76,0.1053,309.03
JOB_1698,GI,31.18,0.7,667.26,0.0371,24.76
JOB_1699,PI,67.37,20.0,2116.59,0.1775,375.69
JOB_1700,GI,12.48,1.2,448.19,0.0295,13.22
JOB_1701,GI,35.63,0.55,596.5,0.0587,35.01
JOB_1702,GI,56.65,0.9,1517.16,0.0276,41.87
JOB_1703,GI,10.06,1.1,340.0,0.0555,18.87
JOB_1704,PI,56.21,20.0,1686.5,0.141,237.8
JOB_1705,PI,11.25,20.0,341.16,0.1168,39.85
JOB_1706,GI,54.68,1.1,1814.8,0.0263,47.73
JOB_1707,GI,53.04,1.1,1440.25,0.0588,84.69
JOB_1708,GI,55.86,0.7,969.45,0.0582,56.42
JOB_1709,GI,56.96,1.1,1904.16,0.0501,95.4
JOB_1710,PI,35.37,25.0,1481.36,0.128,189.61
JOB_1711,PI,32.31,25.0,1157.98,0.1511,174.97
JOB_1712,PI,33.63,20.0,933.77,0.1143,106.73
JOB_1713,PI,38.26,20.0,1160.83,0.1962,227.75
JOB_1714,GI,39.91,1.1,1069.14,0.0673,71.95
JOB_1715,GI,59.01,1.1,1928.68,0.1472,283.9
JOB_1716,PI,18.72,25.0,769.12,0.122,93.83
JOB_1717,PI,16.13,30.0,817.22,0.0957,78.21
JOB_1718,GI,16.79,0.8,329.17,0.0689,22.68
JOB_1719,PI,45.0,25.0,1650.8,0.097,160.13
JOB_1720,PI,32.91,30.0,1535.69,0.1643,252.31
JOB_1721,PI,13.04,25.0,492.18,0.087,42.82
JOB_1722,PI,17.8,25.0,715.15,0.1083,77.45
JOB_1723,PI,55.71,25.0,2307.01,0.1638,377.89
JOB_1724,GI,39.75,1.2,1144.38,0.1516,173.49
JOB_1725,GI,22.61,1.0,545.85,0.047,25.65
JOB_1726,PI,61.41,20.0,1803.96,0.1054,190.14
JOB_1727,GI,46.77,1.0,1123.69,0.0727,81.69
JOB_1728,PI,14.78,25.0,587.41,0.1564,91.87
JOB_1729,GI,12.28,1.0,304.61,0.0382,11.64
JOB_1730,GI,10.76,0.6,196.82,0.0683,13.44
JOB_1731,PI,31.69,25.0,1149.63,0.116,133.36
JOB_1732,GI,35.98,1.0,1079.65,0.1081,116.71
JOB_1733,GI,30.95,0.8,614.33,0.0648,39.81
JOB_1734,PI,53.97,20.0,1638.02,0.1729,283.21
JOB_1735,GI,46.07,0.7,816.87,0.0508,41.5
JOB_1736,PI,66.2,30.0,2914.94,0.1206,351.54
JOB_1737,GI,33.19,0.7,583.42,0.0611,35.65
JOB_1738,PI,23.35,30.0,1026.34,0.0855,87.75
JOB_1739,GI,53.75,0.7,1121.82,0.0817,91.65
JOB_1740,GI,42.72,0.55,591.88,0.0588,34.8
JOB_1741,GI,36.94,0.8,714.16,0.0516,36.85
JOB_1742,PI,39.78,30.0,1996.2,0.1333,266.09
JOB_1743,GI,26.2,1.2,956.73,0.0829,79.31
JOB_1744,GI,8.95,1.1,243.83,0.0905,22.07
JOB_1745,PI,43.05,20.0,1323.35,0.2034,269.17
JOB_1746,PI,12.81,20.0,413.8,0.1203,49.78
JOB_1747,PI,42.84,25.0,1602.1,0.1942,311.13
JOB_1748,GI,45.44,0.7,804.14,0.037,29.75
JOB_1749,GI,26.1,0.56,444.52,0.0543,24.14
JOB_1750,PI,60.9,20.0,1731.06,0.1151,199.25
JOB_1751,GI,47.33,0.7,997.32,0.0493,49.17
JOB_1752,PI,31.06,25.0,1194.49,0.0949,113.36
JOB_1753,GI,55.85,0.56,781.25,0.0772,60.31
JOB_1754,PI,20.72,20.0,637.15,0.1008,64.22
JOB_1755,PI,47.24,25.0,1874.77,0.1904,356.96
JOB_1756,GI,48.95,0.7,1050.4,0.0834,87.6
JOB_1757,PI,14.42,30.0,667.55,0.1013,67.62
JOB_1758,PI,52.24,20.0,1419.12,0.1107,157.1
JOB_1759,GI,11.63,1.2,423.14,0.0271,11.47
JOB_1760,GI,43.96,1.1,1478.75,0.0712,105.29
JOB_1761,GI,17.95,0.8,342.58,0.0725,24.84
JOB_1762,GI,45.28,0.8,886.36,0.0523,46.36
JOB_1763,PI,24.64,20.0,782.74,0.1185,92.75
JOB_1764,PI,64.84,20.0,2016.16,0.1252,252.42
JOB_1765,PI,45.94,30.0,2012.19,0.1718,345.69
JOB_1766,PI,50.76,30.0,2578.46,0.1317,339.58
JOB_1767,GI,30.03,0.8,731.18,0.0538,39.34
JOB_1768,PI,69.28,30.0,3280.32,0.1309,429.39
JOB_1769,GI,43.49,1.0,1328.38,0.0732,97.24
JOB_1770,PI,15.71,25.0,552.83,0.1022,56.5
JOB_1771,GI,30.24,1.1,996.4,0.0284,28.3
JOB_1772,GI,50.94,0.9,1378.37,0.0279,38.46
JOB_1773,GI,23.46,0.6,420.07,0.079,33.19
JOB_1774,GI,56.86,1.2,1651.06,0.0467,77.1
JOB_1775,PI,27.65,25.0,1080.8,0.0957,103.43
JOB_1776,PI,21.84,30.0,1069.6,0.2018,215.85
JOB_1777,GI,54.91,0.6,829.54,0.0215,17.84
JOB_1778,PI,18.74,20.0,595.69,0.1944,115.8
JOB_1779,PI,41.08,20.0,1191.99,0.0963,114.79
JOB_1780,PI,31.1,25.0,1104.33,0.1222,134.95
JOB_1781,PI,23.84,20.0,755.76,0.0819,61.9
JOB_1782,GI,36.52,0.6,549.19,0.0461,25.32
JOB_1783,GI,29.24,0.7,620.72,0.0844,52.39
JOB_1784,GI,49.9,0.6,759.93,0.026,19.76
JOB_1785,GI,7.44,1.0,178.93,0.0361,6.46
JOB_1786,PI,27.66,25.0,991.38,0.1116,110.64
JOB_1787,GI,47.27,0.7,825.13,0.0641,52.89
JOB_1788,GI,50.92,1.1,1690.94,0.0532,89.96
JOB_1789,GI,37.99,0.8,753.46,0.0633,47.69
JOB_1790,PI,63.32,30.0,3176.79,0.1047,332.61
JOB_1791,GI,62.22,0.7,1080.16,0.0809,87.38
JOB_1792,PI,49.07,20.0,1401.74,0.1649,231.15
JOB_1793,GI,28.4,0.7,606.72,0.0229,13.89
JOB_1794,PI,19.98,20.0,577.07,0.155,89.45
JOB_1795,GI,53.54,0.55,739.89,0.1417,104.84
JOB_1796,GI,12.45,1.0,303.05,0.059,17.88
JOB_1797,PI,54.94,25.0,2216.17,0.1065,236.02
JOB_1798,GI,36.45,0.56,513.72,0.1098,56.41
JOB_1799,GI,12.47,0.9,277.04,0.0821,22.74
JOB_1800,PI,67.7,25.0,2611.1,0.179,467.39
JOB_1801,GI,23.39,1.0,580.53,0.0922,53.52
JOB_1802,PI,31.8,25.0,1152.0,0.1012,116.58
JOB_1803,GI,45.61,1.0,1121.57,0.0902,101.17
JOB_1804,GI,43.98,1.1,1183.36,0.1057,125.08
JOB_1805,GI,22.42,0.9,620.2,0.0285,17.68
JOB_1806,GI,34.43,0.7,713.87,0.0743,53.04
JOB_1807,GI,16.91,1.1,459.25,0.1205,55.34
JOB_1808,PI,67.63,20.0,2190.28,0.1121,245.53
JOB_1809,GI,18.96,0.6,341.21,0.0786,26.82
JOB_1810,PI,51.14,20.0,1506.2,0.1029,154.99
JOB_1811,GI,51.91,0.8,1009.43,0.074,74.7
JOB_1812,GI,32.58,0.6,592.89,0.1362,80.75
JOB_1813,PI,50.31,20.0,1512.08,0.1792,270.96
JOB_1814,GI,16.47,0.7,353.03,0.048,16.95
JOB_1815,PI,31.42,25.0,1158.31,0.138,159.85
JOB_1816,GI,60.95,0.8,1193.91,0.0261,31.16
JOB_1817,GI,30.53,1.2,892.12,0.038,33.9
JOB_1818,GI,38.81,0.55,641.88,0.0819,52.57
JOB_1819,GI,54.92,1.2,1568.96,0.0734,115.16
JOB_1820,PI,32.04,25.0,1134.29,0.1172,132.94
JOB_1821,PI,62.0,25.0,2316.27,0.1102,255.25
JOB_1822,GI,56.31,1.2,1607.5,0.0323,51.92
JOB_1823,PI,15.14,25.0,586.55,0.1076,63.11
JOB_1824,GI,50.98,1.0,1223.59,0.1784,218.29
JOB_1825,GI,34.15,0.9,917.45,0.0478,43.85
JOB_1826,GI,21.74,0.56,360.68,0.0791,28.53
JOB_1827,GI,32.02,1.2,1168.21,0.0236,27.57
JOB_1828,GI,59.24,0.6,1092.55,0.04,43.7
JOB_1829,PI,15.38,20.0,499.16,0.138,68.88
JOB_1830,PI,14.87,25.0,577.59,0.1977,114.19
JOB_1831,GI,33.1,0.8,642.82,0.03,19.28
JOB_1832,GI,34.01,1.1,1143.46,0.0961,109.89
JOB_1833,GI,6.4,0.8,123.51,0.025,3.09
JOB_1834,GI,21.91,0.6,325.16,0.1433,46.6
JOB_1835,GI,21.02,0.55,348.59,0.0639,22.27
JOB_1836,GI,19.37,0.56,270.99,0.0787,21.33
JOB_1837,PI,53.68,30.0,2737.11,0.1368,374.44
JOB_1838,GI,21.91,0.8,535.78,0.1335,71.53
JOB_1839,GI,25.68,1.2,743.11,0.0277,20.58
JOB_1840,GI,52.18,1.1,1369.46,0.0415,56.83
JOB_1841,PI,43.25,30.0,1959.18,0.1733,339.53
JOB_1842,PI,16.51,30.0,767.47,0.1103,84.65
JOB_1843,GI,40.7,0.8,990.7,0.0314,31.11
JOB_1844,PI,43.4,30.0,2213.61,0.1725,381.85
JOB_1845,GI,43.77,1.0,1078.07,0.0244,26.3
JOB_1846,PI,12.78,25.0,514.95,0.1072,55.2
JOB_1847,GI,50.1,0.9,1076.84,0.0844,90.89
JOB_1848,GI,26.48,1.0,633.13,0.1085,68.69
JOB_1849,PI,13.38,25.0,527.75,0.1772,93.52
JOB_1850,GI,42.75,1.1,1438.16,0.0589,84.71
JOB_1851,GI,33.17,0.7,692.49,0.0568,39.33
JOB_1852,GI,64.12,1.0,1553.24,0.0689,107.02
JOB_1853,GI,16.14,0.8,319.38,0.0318,10.16
JOB_1854,GI,31.66,1.2,926.88,0.0639,59.23
JOB_1855,PI,23.74,30.0,1151.81,0.1237,142.48
JOB_1856,PI,36.49,30.0,1726.89,0.1118,193.07
JOB_1857,PI,43.73,25.0,1608.02,0.1591,255.84
JOB_1858,PI,65.45,25.0,2487.27,0.0865,215.15
JOB_1859,PI,33.23,20.0,880.86,0.1296,114.16
JOB_1860,GI,34.54,0.7,612.84,0.0749,45.9
JOB_1861,GI,34.53,0.55,489.35,0.0809,39.59
JOB_1862,GI,14.85,1.2,424.24,0.0725,30.76
JOB_1863,GI,13.45,0.55,227.46,0.0326,7.42
JOB_1864,GI,55.38,1.1,1488.1,0.0643,95.68
JOB_1865,GI,34.36,0.6,620.72,0.0389,24.15
JOB_1866,GI,42.99,1.2,1241.13,0.0734,91.1
JOB_1867,GI,13.14,0.6,201.99,0.0822,16.6
JOB_1868,PI,34.76,20.0,976.41,0.1876,183.17
JOB_1869,PI,23.78,30.0,1090.91,0.1176,128.29
JOB_1870,PI,20.39,30.0,888.21,0.1926,171.07
JOB_1871,GI,42.49,0.9,946.67,0.0784,74.22
JOB_1872,GI,23.01,0.8,448.13,0.0467,20.93
JOB_1873,PI,32.64,25.0,1191.35,0.1585,188.83
JOB_1874,GI,14.04,1.0,425.02,0.0929,39.48
JOB_1875,PI,28.83,20.0,930.34,0.1476,137.32
JOB_1876,GI,58.89,1.0,1439.43,0.0298,42.9
JOB_1877,GI,11.81,0.7,206.25,0.072,14.85
JOB_1878,GI,33.3,0.6,493.54,0.072,35.53
JOB_1879,PI,43.03,25.0,1710.55,0.1727,295.41
JOB_1880,PI,51.84,25.0,1943.03,0.1693,328.95
JOB_1881,GI,39.45,0.55,663.82,0.0537,35.65
JOB_1882,PI,40.05,20.0,1209.9,0.1249,151.12
JOB_1883,GI,44.51,0.7,772.56,0.0225,17.38
JOB_1884,PI,11.48,30.0,574.74,0.2013,115.7
JOB_1885,GI,25.8,1.0,633.1,0.0753,47.67
JOB_1886,GI,24.13,1.0,577.38,0.1603,92.55
JOB_1887,GI,24.19,0.6,441.12,0.065,28.67
JOB_1888,GI,55.76,0.6,854.6,0.0502,42.9
JOB_1889,PI,67.44,20.0,2037.58,0.1927,392.64
JOB_1890,GI,30.49,0.8,587.52,0.0273,16.04
JOB_1891,GI,42.04,0.9,1144.56,0.0675,77.26
JOB_1892,GI,35.02,0.9,953.74,0.0538,51.31
JOB_1893,GI,48.01,0.8,916.84,0.0324,29.71
JOB_1894,GI,31.63,1.2,1145.75,0.1402,160.63
JOB_1895,GI,11.52,1.2,331.78,0.0254,8.43
JOB_1896,GI,44.61,0.8,867.63,0.0225,19.52
JOB_1897,GI,25.28,0.9,545.51,0.0517,28.2
JOB_1898,PI,42.19,25.0,1470.49,0.2031,298.66
JOB_1899,GI,37.25,1.1,1249.14,0.0233,29.1
JOB_1900,GI,24.8,0.56,350.81,0.0661,23.19
JOB_1901,GI,8.81,0.8,209.1,0.0497,10.39
JOB_1902,GI,51.95,0.7,1094.35,0.042,45.96
JOB_1903,GI,27.03,0.9,732.98,0.053,38.85
JOB_1904,GI,27.61,0.6,410.64,0.0837,34.37
JOB_1905,PI,14.38,30.0,690.15,0.1422,98.14
JOB_1906,GI,56.47,0.9,1243.28,0.0535,66.52
JOB_1907,PI,63.96,25.0,2549.97,0.2129,542.89
JOB_1908,PI,55.26,25.0,2329.49,0.0987,229.92
JOB_1909,PI,14.15,20.0,430.5,0.0812,34.96
JOB_1910,PI,31.15,25.0,1182.46,0.1265,149.58
JOB_1911,GI,23.08,0.7,497.85,0.1155,57.5
JOB_1912,PI,36.4,25.0,1454.39,0.1328,193.14
JOB_1913,PI,17.35,20.0,495.76,0.1061,52.6
JOB_1914,GI,45.74,0.8,899.13,0.0784,70.49
JOB_1915,GI,21.33,1.2,602.75,0.1725,103.97
JOB_1916,GI,8.72,0.6,161.1,0.0522,8.41
JOB_1917,GI,14.01,0.9,306.43,0.086,26.35
JOB_1918,PI,20.89,20.0,618.22,0.1526,94.34
JOB_1919,GI,20.74,0.9,457.17,0.0463,21.17
JOB_1920,PI,57.12,25.0,2013.75,0.0803,161.7
JOB_1921,GI,10.82,0.55,149.99,0.0672,10.08
JOB_1922,PI,20.8,25.0,787.33,0.2049,161.32
JOB_1923,GI,63.35,1.0,1565.55,0.141,220.74
JOB_1924,GI,9.49,1.2,275.06,0.0201,5.53
JOB_1925,PI,41.56,25.0,1422.0,0.1622,230.65
JOB_1926,GI,32.22,1.2,1168.36,0.0224,26.17
JOB_1927,GI,14.57,0.8,284.37,0.0354,10.07
JOB_1928,GI,16.08,1.0,387.7,0.0834,32.33
JOB_1929,PI,57.31,20.0,1820.44,0.1474,268.33
JOB_1930,PI,45.49,20.0,1383.12,0.1204,166.53
JOB_1931,GI,47.09,0.6,854.49,0.0279,23.84
JOB_1932,PI,55.44,20.0,1604.59,0.1475,236.68
JOB_1933,PI,38.47,25.0,1386.95,0.1491,206.79
JOB_1934,PI,13.95,20.0,393.69,0.1296,51.02
JOB_1935,GI,59.58,1.0,1470.87,0.0333,48.98
JOB_1936,GI,20.0,1.0,484.34,0.0708,34.29
JOB_1937,PI,37.43,20.0,1215.47,0.1501,182.44
JOB_1938,PI,14.87,25.0,598.77,0.2021,121.01
JOB_1939,PI,46.99,20.0,1499.71,0.213,319.44
JOB_1940,GI,9.68,0.7,167.01,0.0475,7.93
JOB_1941,PI,49.5,20.0,1522.34,0.1091,166.09
JOB_1942,GI,29.03,0.9,782.52,0.0507,39.67
JOB_1943,PI,14.86,20.0,409.52,0.1126,46.11
JOB_1944,PI,30.62,20.0,882.27,0.1104,97.4
JOB_1945,GI,10.09,0.7,174.48,0.0237,4.14
JOB_1946,GI,38.36,1.2,1087.98,0.0645,70.17
JOB_1947,GI,46.04,0.6,845.19,0.0513,43.36
JOB_1948,PI,46.99,20.0,1285.26,0.1125,144.59
JOB_1949,PI,23.74,25.0,970.95,0.1278,124.09
JOB_1950,PI,11.43,30.0,522.23,0.1194,62.35
JOB_1951,GI,46.86,0.55,773.53,0.0332,25.68
JOB_1952,PI,17.45,20.0,515.48,0.1431,73.77
JOB_1953,GI,47.85,0.7,822.44,0.0271,22.29
JOB_1954,PI,39.01,30.0,1991.2,0.1659,330.34
JOB_1955,PI,15.6,25.0,598.33,0.1299,77.72
JOB_1956,GI,12.99,0.6,198.16,0.0806,15.97
JOB_1957,GI,17.31,0.7,307.16,0.0751,23.07
JOB_1958,PI,29.16,20.0,909.08,0.1869,169.91
JOB_1959,GI,32.14,0.55,527.97,0.0344,18.16
JOB_1960,GI,34.47,0.8,663.91,0.0286,18.99
JOB_1961,PI,19.56,25.0,719.75,0.1428,102.78
JOB_1962,PI,15.57,30.0,710.79,0.1886,134.05
JOB_1963,GI,44.67,0.7,952.59,0.0806,76.78
JOB_1964,GI,42.68,1.1,1418.18,0.0646,91.61
JOB_1965,GI,9.0,0.9,245.37,0.0511,12.54
JOB_1966,PI,63.06,25.0,2248.04,0.0866,194.68
JOB_1967,GI,35.28,1.0,852.61,0.0387,33.0
JOB_1968,GI,39.29,0.56,556.01,0.045,25.02
JOB_1969,GI,49.68,1.0,1526.96,0.051,77.87
JOB_1970,GI,39.83,0.9,1102.99,0.0374,41.25
JOB_1971,PI,61.16,25.0,2244.29,0.1312,294.45
JOB_1972,PI,41.74,20.0,1219.44,0.1316,160.48
JOB_1973,GI,13.86,0.8,334.53,0.1138,38.07
JOB_1974,GI,21.84,0.56,375.28,0.0256,9.61
JOB_1975,PI,52.68,25.0,2000.88,0.2098,419.78
JOB_1976,PI,49.19,25.0,1910.87,0.1663,317.78
JOB_1977,PI,51.02,20.0,1516.06,0.1309,198.45
JOB_1978,GI,56.5,0.8,1386.27,0.0639,88.58
JOB_1979,GI,40.01,1.1,1313.56,0.0417,54.78
JOB_1980,GI,10.77,1.0,259.2,0.0724,18.77
JOB_1981,GI,35.22,0.9,786.71,0.098,77.1
JOB_1982,PI,43.87,25.0,1751.14,0.1192,208.74
JOB_1983,PI,16.33,30.0,724.44,0.1159,83.96
JOB_1984,PI,40.76,20.0,1179.92,0.0961,113.39
JOB_1985,PI,44.88,25.0,1634.44,0.1965,321.17
JOB_1986,GI,12.75,0.55,208.34,0.0321,6.69
JOB_1987,GI,43.7,1.1,1179.74,0.1471,173.54
JOB_1988,PI,14.15,25.0,534.08,0.0988,52.77
JOB_1989,GI,17.38,0.6,320.59,0.1754,56.23
JOB_1990,PI,36.92,25.0,1408.44,0.0914,128.73
JOB_1991,PI,60.44,30.0,3031.89,0.2164,656.1
JOB_1992,GI,17.2,0.56,247.42,0.0345,8.54
JOB_1993,PI,48.57,20.0,1424.65,0.1236,176.09
JOB_1994,GI,42.44,0.6,781.7,0.0727,56.83
JOB_1995,GI,37.12,1.0,1128.07,0.0312,35.2
JOB_1996,GI,51.94,0.7,1093.4,0.0798,87.25
JOB_1997,PI,16.81,30.0,764.88,0.1645,125.82
JOB_1998,PI,61.09,25.0,2185.23,0.1201,262.45
JOB_1999,GI,9.78,0.8,192.79,0.0807,15.56
JOB_2000,GI,17.32,1.0,517.69,0.0622,32.2
